"66742","http://dbpedia.org/ontology/country","http://dbpedia.org/resource/United_States"
"25200","http://dbpedia.org/ontology/nationality","http://dbpedia.org/resource/United_States"
"17330","http://dbpedia.org/ontology/birthPlace","http://dbpedia.org/resource/United_States"
"13888","http://dbpedia.org/ontology/location","http://dbpedia.org/resource/United_States"
"13006","http://dbpedia.org/ontology/type","http://dbpedia.org/resource/Privately_held_company"
"10977","http://dbpedia.org/ontology/genre","http://dbpedia.org/resource/Alternative_rock"
"10801","http://dbpedia.org/ontology/birthPlace","http://dbpedia.org/resource/New_York_City"
"7752","http://dbpedia.org/ontology/birthPlace","http://dbpedia.org/resource/New_York_(state)"
"7329","http://dbpedia.org/ontology/deathPlace","http://dbpedia.org/resource/United_States"
"7323","http://dbpedia.org/ontology/keyPerson","http://dbpedia.org/resource/Chief_executive_officer"
"7290","http://dbpedia.org/ontology/type","http://dbpedia.org/resource/Public_company"
"6618","http://dbpedia.org/ontology/genre","http://dbpedia.org/resource/Pop_rock"
"5811","http://dbpedia.org/ontology/deathPlace","http://dbpedia.org/resource/New_York_City"
"5426","http://dbpedia.org/ontology/stateOfOrigin","http://dbpedia.org/resource/United_States"
"5165","http://dbpedia.org/ontology/genre","http://dbpedia.org/resource/Soul_music"
"5164","http://dbpedia.org/ontology/birthPlace","http://dbpedia.org/resource/Germany"
"4702","http://dbpedia.org/ontology/type","http://dbpedia.org/resource/Subsidiary"
"4594","http://dbpedia.org/ontology/language","http://dbpedia.org/resource/Spanish_language"
"4559","http://dbpedia.org/ontology/genre","http://dbpedia.org/resource/Punk_rock"
"4339","http://dbpedia.org/ontology/industry","http://dbpedia.org/resource/Airline"
"3415","http://dbpedia.org/ontology/location","http://dbpedia.org/resource/New_York_City"
"3360","http://dbpedia.org/ontology/keyPerson","http://dbpedia.org/resource/Chairperson"
"3259","http://dbpedia.org/ontology/location","http://dbpedia.org/resource/London"
"3173","http://dbpedia.org/ontology/deathPlace","http://dbpedia.org/resource/New_York_(state)"
"2799","http://dbpedia.org/ontology/type","http://dbpedia.org/resource/Nonprofit_organization"
"2731","http://dbpedia.org/ontology/location","http://dbpedia.org/resource/New_York_(state)"
"2536","http://dbpedia.org/ontology/industry","http://dbpedia.org/resource/Financial_services"
"2377","http://dbpedia.org/ontology/genre","http://dbpedia.org/resource/Classical_music"
"2071","http://dbpedia.org/ontology/industry","http://dbpedia.org/resource/Retail"
"1996","http://dbpedia.org/ontology/locationCountry","http://dbpedia.org/resource/United_States"
"1930","http://dbpedia.org/ontology/headquarter","http://dbpedia.org/resource/United_States"
"1841","http://dbpedia.org/ontology/location","http://dbpedia.org/resource/Washington,_D.C."
"1800","http://dbpedia.org/ontology/birthPlace","http://dbpedia.org/resource/Ottoman_Empire"
"1654","http://dbpedia.org/ontology/keyPerson","http://dbpedia.org/resource/President_(corporate_title)"
"1419","http://dbpedia.org/ontology/industry","http://dbpedia.org/resource/Telecommunications"
"1395","http://dbpedia.org/ontology/regionServed","http://dbpedia.org/resource/United_States"
"1297","http://dbpedia.org/ontology/deathPlace","http://dbpedia.org/resource/Manhattan"
"1204","http://dbpedia.org/ontology/industry","http://dbpedia.org/resource/Software"
"1139","http://dbpedia.org/ontology/industry","http://dbpedia.org/resource/Bank"
"1070","http://dbpedia.org/ontology/keyPerson","http://dbpedia.org/resource/Chief_financial_officer"
"954","http://dbpedia.org/ontology/location","http://dbpedia.org/resource/Manhattan"
"954","http://dbpedia.org/ontology/location","http://dbpedia.org/resource/San_Francisco"
"834","http://dbpedia.org/ontology/genre","http://dbpedia.org/resource/Emo"
"734","http://dbpedia.org/ontology/industry","http://dbpedia.org/resource/Entertainment"
"722","http://dbpedia.org/ontology/headquarter","http://dbpedia.org/resource/New_York_City"
"626","http://dbpedia.org/ontology/birthPlace","http://dbpedia.org/resource/Ecuador"
"599","http://dbpedia.org/ontology/product","http://dbpedia.org/resource/Financial_services"
"564","http://dbpedia.org/ontology/keyPerson","http://dbpedia.org/resource/Chief_operating_officer"
"533","http://dbpedia.org/ontology/type","http://dbpedia.org/resource/Limited_liability_company"
"532","http://dbpedia.org/ontology/product","http://dbpedia.org/resource/Film"
"527","http://dbpedia.org/ontology/product","http://dbpedia.org/resource/Clothing"
"518","http://dbpedia.org/ontology/industry","http://dbpedia.org/resource/Mass_media"
"487","http://dbpedia.org/ontology/product","http://dbpedia.org/resource/Mortgage_loan"
"458","http://dbpedia.org/ontology/regionServed","http://dbpedia.org/resource/Australia"
"453","http://dbpedia.org/ontology/regionServed","http://dbpedia.org/resource/Europe"
"432","http://dbpedia.org/ontology/product","http://dbpedia.org/resource/Credit_card"
"427","http://dbpedia.org/ontology/industry","http://dbpedia.org/resource/Health_care"
"414","http://dbpedia.org/ontology/product","http://dbpedia.org/resource/Investment_banking"
"406","http://dbpedia.org/ontology/industry","http://dbpedia.org/resource/Real_estate"
"370","http://dbpedia.org/ontology/genre","http://dbpedia.org/resource/Adult_contemporary_music"
"361","http://dbpedia.org/ontology/product","http://dbpedia.org/resource/Commercial_bank"
"341","http://dbpedia.org/ontology/keyPerson","http://dbpedia.org/resource/Chief_technology_officer"
"339","http://dbpedia.org/ontology/locationCity","http://dbpedia.org/resource/New_York_City"
"335","http://dbpedia.org/ontology/product","http://dbpedia.org/resource/Insurance"
"333","http://dbpedia.org/ontology/type","http://dbpedia.org/resource/Limited_liability_partnership"
"330","http://dbpedia.org/ontology/industry","http://dbpedia.org/resource/Private_equity"
"328","http://dbpedia.org/ontology/industry","http://dbpedia.org/resource/Biotechnology"
"324","http://dbpedia.org/ontology/headquarter","http://dbpedia.org/resource/New_York_(state)"
"322","http://dbpedia.org/ontology/industry","http://dbpedia.org/resource/Publishing"
"320","http://dbpedia.org/ontology/industry","http://dbpedia.org/resource/Internet"
"303","http://dbpedia.org/ontology/industry","http://dbpedia.org/resource/Fashion"
"295","http://dbpedia.org/ontology/headquarter","http://dbpedia.org/resource/Paris"
"288","http://dbpedia.org/ontology/type","http://dbpedia.org/resource/Corporation"
"269","http://dbpedia.org/ontology/industry","http://dbpedia.org/resource/Musical_instrument"
"269","http://dbpedia.org/ontology/industry","http://dbpedia.org/resource/Technology"
"266","http://dbpedia.org/ontology/product","http://dbpedia.org/resource/Bank"
"260","http://dbpedia.org/ontology/type","http://dbpedia.org/resource/Hotel"
"259","http://dbpedia.org/ontology/legalForm","http://dbpedia.org/resource/Limited_liability_partnership"
"255","http://dbpedia.org/ontology/keyPerson","http://dbpedia.org/resource/Vice_president"
"251","http://dbpedia.org/ontology/keyPerson","http://dbpedia.org/resource/Entrepreneurship"
"246","http://dbpedia.org/ontology/product","http://dbpedia.org/resource/Fashion_accessory"
"235","http://dbpedia.org/ontology/industry","http://dbpedia.org/resource/Pharmaceutical_industry"
"230","http://dbpedia.org/ontology/almaMater","http://dbpedia.org/resource/Wesleyan_University"
"203","http://dbpedia.org/ontology/industry","http://dbpedia.org/resource/Hospitality"
"200","http://dbpedia.org/ontology/industry","http://dbpedia.org/resource/Advertising"
"194","http://dbpedia.org/ontology/product","http://dbpedia.org/resource/Private_banking"
"191","http://dbpedia.org/ontology/industry","http://dbpedia.org/resource/Hotel"
"190","http://dbpedia.org/ontology/product","http://dbpedia.org/resource/Investment_management"
"187","http://dbpedia.org/ontology/industry","http://dbpedia.org/resource/Television"
"177","http://dbpedia.org/ontology/product","http://dbpedia.org/resource/Asset_management"
"172","http://dbpedia.org/ontology/birthPlace","http://dbpedia.org/resource/Constantinople"
"172","http://dbpedia.org/ontology/product","http://dbpedia.org/resource/Television_show"
"168","http://dbpedia.org/ontology/industry","http://dbpedia.org/resource/Investment_management"
"168","http://dbpedia.org/ontology/regionServed","http://dbpedia.org/resource/Asia"
"160","http://dbpedia.org/ontology/birthPlace","http://dbpedia.org/resource/Wiesbaden"
"158","http://dbpedia.org/ontology/industry","http://dbpedia.org/resource/Investment"
"156","http://dbpedia.org/ontology/product","http://dbpedia.org/resource/Wealth_management"
"152","http://dbpedia.org/ontology/industry","http://dbpedia.org/resource/Architecture"
"151","http://dbpedia.org/ontology/product","http://dbpedia.org/resource/Private_equity"
"147","http://dbpedia.org/ontology/product","http://dbpedia.org/resource/Cable_television"
"147","http://dbpedia.org/ontology/industry","http://dbpedia.org/resource/Marketing"
"143","http://dbpedia.org/ontology/product","http://dbpedia.org/resource/Television"
"137","http://dbpedia.org/ontology/birthPlace","http://dbpedia.org/resource/Shrewsbury"
"137","http://dbpedia.org/ontology/service","http://dbpedia.org/resource/Financial_services"
"135","http://dbpedia.org/ontology/locationCity","http://dbpedia.org/resource/New_York_(state)"
"134","http://dbpedia.org/ontology/industry","http://dbpedia.org/resource/Grocery_store"
"129","http://dbpedia.org/ontology/industry","http://dbpedia.org/resource/Cloud_computing"
"128","http://dbpedia.org/ontology/industry","http://dbpedia.org/resource/Professional_services"
"126","http://dbpedia.org/ontology/type","http://dbpedia.org/resource/Art_gallery"
"123","http://dbpedia.org/ontology/product","http://dbpedia.org/resource/Cosmetics"
"116","http://dbpedia.org/ontology/industry","http://dbpedia.org/resource/Real_estate_development"
"115","http://dbpedia.org/ontology/product","http://dbpedia.org/resource/Telephone"
"114","http://dbpedia.org/ontology/product","http://dbpedia.org/resource/Furniture"
"113","http://dbpedia.org/ontology/product","http://dbpedia.org/resource/Internet"
"111","http://dbpedia.org/ontology/distributingCompany","http://dbpedia.org/resource/Universal_Music_Group"
"111","http://dbpedia.org/ontology/product","http://dbpedia.org/resource/Watch"
"111","http://dbpedia.org/ontology/distributingLabel","http://dbpedia.org/resource/Universal_Music_Group"
"110","http://dbpedia.org/ontology/product","http://dbpedia.org/resource/Leveraged_buyout"
"106","http://dbpedia.org/ontology/type","http://dbpedia.org/resource/Terrestrial_television"
"105","http://dbpedia.org/ontology/keyPerson","http://dbpedia.org/resource/Chief_marketing_officer"
"103","http://dbpedia.org/ontology/product","http://dbpedia.org/resource/Electric_guitar"
"103","http://dbpedia.org/ontology/foundedBy","http://dbpedia.org/resource/Chief_executive_officer"
"99","http://dbpedia.org/ontology/industry","http://dbpedia.org/resource/Financial_technology"
"97","http://dbpedia.org/ontology/headquarter","http://dbpedia.org/resource/Beirut"
"96","http://dbpedia.org/ontology/product","http://dbpedia.org/resource/Growth_capital"
"95","http://dbpedia.org/ontology/product","http://dbpedia.org/resource/Medication"
"91","http://dbpedia.org/ontology/product","http://dbpedia.org/resource/Filmmaking"
"91","http://dbpedia.org/ontology/product","http://dbpedia.org/resource/Satellite_television"
"90","http://dbpedia.org/ontology/product","http://dbpedia.org/resource/Telecommunications"
"89","http://dbpedia.org/ontology/industry","http://dbpedia.org/resource/Consultant"
"89","http://dbpedia.org/ontology/owningCompany","http://dbpedia.org/resource/The_Walt_Disney_Company"
"89","http://dbpedia.org/ontology/type","http://dbpedia.org/resource/Technology"
"87","http://dbpedia.org/ontology/product","http://dbpedia.org/resource/Shoe"
"87","http://dbpedia.org/ontology/product","http://dbpedia.org/resource/Sports_equipment"
"87","http://dbpedia.org/ontology/type","http://dbpedia.org/resource/Limited_partnership"
"86","http://dbpedia.org/ontology/owner","http://dbpedia.org/resource/Google"
"85","http://dbpedia.org/ontology/regionServed","http://dbpedia.org/resource/New_York_City"
"83","http://dbpedia.org/ontology/product","http://dbpedia.org/resource/Private-equity_fund"
"81","http://dbpedia.org/ontology/headquarter","http://dbpedia.org/resource/Manhattan"
"81","http://dbpedia.org/ontology/industry","http://dbpedia.org/resource/Footwear"
"80","http://dbpedia.org/ontology/regionServed","http://dbpedia.org/resource/New_Jersey"
"78","http://dbpedia.org/ontology/product","http://dbpedia.org/resource/Radio"
"77","http://dbpedia.org/ontology/headquarter","http://dbpedia.org/resource/Denver"
"77","http://dbpedia.org/ontology/product","http://dbpedia.org/resource/Bass_guitar"
"76","http://dbpedia.org/ontology/product","http://dbpedia.org/resource/Mutual_fund"
"73","http://dbpedia.org/ontology/owningCompany","http://dbpedia.org/resource/WarnerMedia"
"72","http://dbpedia.org/ontology/industry","http://dbpedia.org/resource/Cosmetics"
"72","http://dbpedia.org/ontology/product","http://dbpedia.org/resource/Broadcasting"
"70","http://dbpedia.org/ontology/keyPerson","http://dbpedia.org/resource/Creative_director"
"68","http://dbpedia.org/ontology/industry","http://dbpedia.org/resource/Artificial_intelligence"
"68","http://dbpedia.org/ontology/regionServed","http://dbpedia.org/resource/London"
"67","http://dbpedia.org/ontology/industry","http://dbpedia.org/resource/Newspaper"
"66","http://dbpedia.org/ontology/regionServed","http://dbpedia.org/resource/Latin_America"
"66","http://dbpedia.org/ontology/type","http://dbpedia.org/resource/Private_company_limited_by_guarantee"
"65","http://dbpedia.org/ontology/owner","http://dbpedia.org/resource/The_Walt_Disney_Company"
"64","http://dbpedia.org/ontology/industry","http://dbpedia.org/resource/Educational_technology"
"64","http://dbpedia.org/ontology/product","http://dbpedia.org/resource/Broker"
"61","http://dbpedia.org/ontology/service","http://dbpedia.org/resource/Architecture"
"58","http://dbpedia.org/ontology/industry","http://dbpedia.org/resource/Luxury_goods"
"58","http://dbpedia.org/ontology/service","http://dbpedia.org/resource/Insurance"
"53","http://dbpedia.org/ontology/product","http://dbpedia.org/resource/Steel-string_acoustic_guitar"
"50","http://dbpedia.org/ontology/product","http://dbpedia.org/resource/Pay_television"
"49","http://dbpedia.org/ontology/service","http://dbpedia.org/resource/Interior_design"
"48","http://dbpedia.org/ontology/industry","http://dbpedia.org/resource/Infrastructure"
"47","http://dbpedia.org/ontology/industry","http://dbpedia.org/resource/Clothing_industry"
"47","http://dbpedia.org/ontology/deathPlace","http://dbpedia.org/resource/Manhasset,_New_York"
"46","http://dbpedia.org/ontology/product","http://dbpedia.org/resource/Publishing"
"43","http://dbpedia.org/ontology/service","http://dbpedia.org/resource/Cloud_computing"
"41","http://dbpedia.org/ontology/locationCity","http://dbpedia.org/resource/United_States"
"41","http://dbpedia.org/ontology/product","http://dbpedia.org/resource/Wholesale_banking"
"40","http://dbpedia.org/ontology/parentCompany","http://dbpedia.org/resource/WarnerMedia"
"40","http://dbpedia.org/ontology/regionServed","http://dbpedia.org/resource/European_Union"
"38","http://dbpedia.org/ontology/location","http://dbpedia.org/resource/Fifth_Avenue"
"37","http://dbpedia.org/ontology/genre","http://dbpedia.org/resource/Surrealism"
"36","http://dbpedia.org/ontology/parentCompany","http://dbpedia.org/resource/Amazon_(company)"
"36","http://dbpedia.org/ontology/location","http://dbpedia.org/resource/Hamilton,_Bermuda"
"36","http://dbpedia.org/ontology/product","http://dbpedia.org/resource/Ukulele"
"34","http://dbpedia.org/ontology/service","http://dbpedia.org/resource/Real_estate_development"
"34","http://dbpedia.org/ontology/product","http://dbpedia.org/resource/Luxury_goods"
"34","http://dbpedia.org/ontology/regionServed","http://dbpedia.org/resource/New_York_metropolitan_area"
"33","http://dbpedia.org/ontology/parentCompany","http://dbpedia.org/resource/AT&T_Corporation"
"33","http://dbpedia.org/ontology/product","http://dbpedia.org/resource/Fashion"
"31","http://dbpedia.org/ontology/industry","http://dbpedia.org/resource/Bookselling"
"31","http://dbpedia.org/ontology/service","http://dbpedia.org/resource/Management_consulting"
"30","http://dbpedia.org/ontology/nationality","http://dbpedia.org/resource/Armenian_Americans"
"30","http://dbpedia.org/ontology/owner","http://dbpedia.org/resource/WarnerMedia"
"29","http://dbpedia.org/ontology/genre","http://dbpedia.org/resource/Contemporary_art"
"29","http://dbpedia.org/ontology/industry","http://dbpedia.org/resource/Streaming_media"
"29","http://dbpedia.org/ontology/product","http://dbpedia.org/resource/Vaccine"
"29","http://dbpedia.org/ontology/industry","http://dbpedia.org/resource/Interior_design"
"28","http://dbpedia.org/ontology/product","http://dbpedia.org/resource/Web_portal"
"28","http://dbpedia.org/ontology/parentCompany","http://dbpedia.org/resource/AT&T"
"28","http://dbpedia.org/ontology/product","http://dbpedia.org/resource/Aroma_compound"
"27","http://dbpedia.org/ontology/service","http://dbpedia.org/resource/Urban_design"
"26","http://dbpedia.org/ontology/service","http://dbpedia.org/resource/Stockbroker"
"25","http://dbpedia.org/ontology/regionServed","http://dbpedia.org/resource/Northeastern_United_States"
"24","http://dbpedia.org/ontology/product","http://dbpedia.org/resource/Classical_guitar"
"24","http://dbpedia.org/ontology/service","http://dbpedia.org/resource/Tax"
"24","http://dbpedia.org/ontology/owningCompany","http://dbpedia.org/resource/A&E_Networks"
"24","http://dbpedia.org/ontology/knownFor","http://dbpedia.org/resource/Architect"
"23","http://dbpedia.org/ontology/service","http://dbpedia.org/resource/Electronic_trading_platform"
"23","http://dbpedia.org/ontology/product","http://dbpedia.org/resource/Risk_management"
"23","http://dbpedia.org/ontology/regionServed","http://dbpedia.org/resource/Multinational_corporation"
"22","http://dbpedia.org/ontology/product","http://dbpedia.org/resource/Exchange-traded_fund"
"22","http://dbpedia.org/ontology/locationCity","http://dbpedia.org/resource/Manhattan"
"22","http://dbpedia.org/ontology/product","http://dbpedia.org/resource/Commodity"
"21","http://dbpedia.org/ontology/parentCompany","http://dbpedia.org/resource/LVMH"
"21","http://dbpedia.org/ontology/service","http://dbpedia.org/resource/Recruitment"
"21","http://dbpedia.org/ontology/product","http://dbpedia.org/resource/Game"
"20","http://dbpedia.org/ontology/service","http://dbpedia.org/resource/Sustainable_design"
"20","http://dbpedia.org/ontology/industry","http://dbpedia.org/resource/Social_media"
"19","http://dbpedia.org/ontology/product","http://dbpedia.org/resource/Private-equity_secondary_market"
"19","http://dbpedia.org/ontology/industry","http://dbpedia.org/resource/Commercial_property"
"19","http://dbpedia.org/ontology/owningCompany","http://dbpedia.org/resource/Hearst_Communications"
"19","http://dbpedia.org/ontology/product","http://dbpedia.org/resource/Production_company"
"18","http://dbpedia.org/ontology/product","http://dbpedia.org/resource/Collectable"
"18","http://dbpedia.org/ontology/keyPerson","http://dbpedia.org/resource/Chief_investment_officer"
"18","http://dbpedia.org/ontology/service","http://dbpedia.org/resource/Financial_adviser"
"18","http://dbpedia.org/ontology/industry","http://dbpedia.org/resource/Video_on_demand"
"17","http://dbpedia.org/ontology/birthPlace","http://dbpedia.org/resource/Ashfield,_Massachusetts"
"17","http://dbpedia.org/ontology/product","http://dbpedia.org/resource/Television_studio"
"17","http://dbpedia.org/ontology/industry","http://dbpedia.org/resource/Video_production"
"17","http://dbpedia.org/ontology/industry","http://dbpedia.org/resource/News"
"17","http://dbpedia.org/ontology/industry","http://dbpedia.org/resource/Urban_planning"
"17","http://dbpedia.org/ontology/service","http://dbpedia.org/resource/Property_management"
"16","http://dbpedia.org/ontology/owner","http://dbpedia.org/resource/Berkshire_Hathaway"
"16","http://dbpedia.org/ontology/service","http://dbpedia.org/resource/Pharmacy"
"15","http://dbpedia.org/ontology/service","http://dbpedia.org/resource/Assurance_services"
"15","http://dbpedia.org/ontology/service","http://dbpedia.org/resource/Private_equity"
"15","http://dbpedia.org/ontology/parentCompany","http://dbpedia.org/resource/Alphabet_Inc."
"14","http://dbpedia.org/ontology/owningCompany","http://dbpedia.org/resource/Berkshire_Hathaway"
"14","http://dbpedia.org/ontology/product","http://dbpedia.org/resource/Stock"
"14","http://dbpedia.org/ontology/product","http://dbpedia.org/resource/Sock"
"14","http://dbpedia.org/ontology/keyPerson","http://dbpedia.org/resource/Executive_producer"
"13","http://dbpedia.org/ontology/distributingCompany","http://dbpedia.org/resource/Universal_Music_Distribution"
"13","http://dbpedia.org/ontology/product","http://dbpedia.org/resource/Stock_trader"
"13","http://dbpedia.org/ontology/owner","http://dbpedia.org/resource/National_Amusements"
"13","http://dbpedia.org/ontology/product","http://dbpedia.org/resource/Professional_services"
"13","http://dbpedia.org/ontology/owningCompany","http://dbpedia.org/resource/National_Amusements"
"13","http://dbpedia.org/ontology/product","http://dbpedia.org/resource/Podcast"
"13","http://dbpedia.org/ontology/distributingLabel","http://dbpedia.org/resource/Universal_Music_Distribution"
"12","http://dbpedia.org/ontology/owningCompany","http://dbpedia.org/resource/Univision_Communications"
"12","http://dbpedia.org/ontology/service","http://dbpedia.org/resource/Planned_community"
"12","http://dbpedia.org/ontology/stateOfOrigin","http://dbpedia.org/resource/Armenian_Americans"
"12","http://dbpedia.org/ontology/owningCompany","http://dbpedia.org/resource/Google"
"11","http://dbpedia.org/ontology/foundedBy","http://dbpedia.org/resource/Rupert_Murdoch"
"11","http://dbpedia.org/ontology/parentCompany","http://dbpedia.org/resource/ViacomCBS_Domestic_Media_Networks"
"11","http://dbpedia.org/ontology/industry","http://dbpedia.org/resource/Investment_company"
"10","http://dbpedia.org/ontology/industry","http://dbpedia.org/resource/For-profit_education"
"10","http://dbpedia.org/ontology/location","http://dbpedia.org/resource/Exton,_Pennsylvania"
"10","http://dbpedia.org/ontology/service","http://dbpedia.org/resource/Urban_planning"
"10","http://dbpedia.org/ontology/parentCompany","http://dbpedia.org/resource/Brookfield_Asset_Management"
"9","http://dbpedia.org/ontology/regionServed","http://dbpedia.org/resource/Long_Island"
"9","http://dbpedia.org/ontology/location","http://dbpedia.org/resource/CNN_Center"
"9","http://dbpedia.org/ontology/foundedBy","http://dbpedia.org/resource/Andrew_Carnegie"
"9","http://dbpedia.org/ontology/regionServed","http://dbpedia.org/resource/Brooklyn"
"8","http://dbpedia.org/ontology/regionServed","http://dbpedia.org/resource/Miami"
"8","http://dbpedia.org/ontology/industry","http://dbpedia.org/resource/Out-of-home_advertising"
"8","http://dbpedia.org/ontology/headquarter","http://dbpedia.org/resource/1211_Avenue_of_the_Americas"
"8","http://dbpedia.org/ontology/product","http://dbpedia.org/resource/Electronic_trading_platform"
"8","http://dbpedia.org/ontology/owner","http://dbpedia.org/resource/Morgan_Stanley"
"7","http://dbpedia.org/ontology/product","http://dbpedia.org/resource/Intellectual_property"
"7","http://dbpedia.org/ontology/type","http://dbpedia.org/resource/Master_limited_partnership"
"7","http://dbpedia.org/ontology/foundedBy","http://dbpedia.org/resource/Jay-Z"
"7","http://dbpedia.org/ontology/product","http://dbpedia.org/resource/Stock_exchange"
"7","http://dbpedia.org/ontology/location","http://dbpedia.org/resource/Montvale,_New_Jersey"
"7","http://dbpedia.org/ontology/industry","http://dbpedia.org/resource/Planning"
"7","http://dbpedia.org/ontology/service","http://dbpedia.org/resource/Law"
"7","http://dbpedia.org/ontology/product","http://dbpedia.org/resource/Record_label"
"7","http://dbpedia.org/ontology/parentCompany","http://dbpedia.org/resource/Sanofi"
"7","http://dbpedia.org/ontology/service","http://dbpedia.org/resource/Historic_preservation"
"6","http://dbpedia.org/ontology/owner","http://dbpedia.org/resource/Investor_AB"
"6","http://dbpedia.org/ontology/owningCompany","http://dbpedia.org/resource/Leonard_Green_&_Partners"
"6","http://dbpedia.org/ontology/location","http://dbpedia.org/resource/General_Motors_Building_(Manhattan)"
"6","http://dbpedia.org/ontology/owner","http://dbpedia.org/resource/Wallenberg_family"
"6","http://dbpedia.org/ontology/industry","http://dbpedia.org/resource/Risk_and_strategic_consulting"
"6","http://dbpedia.org/ontology/service","http://dbpedia.org/resource/Enterprise_risk_management"
"6","http://dbpedia.org/ontology/targetAirport","http://dbpedia.org/resource/New_York_City"
"6","http://dbpedia.org/ontology/owner","http://dbpedia.org/resource/Leonard_Green_&_Partners"
"6","http://dbpedia.org/ontology/product","http://dbpedia.org/resource/Financial_analysis"
"6","http://dbpedia.org/ontology/product","http://dbpedia.org/resource/Title_insurance"
"6","http://dbpedia.org/ontology/education","http://dbpedia.org/resource/Columbia_Graduate_School_of_Architecture,_Planning_and_Preservation"
"6","http://dbpedia.org/ontology/industry","http://dbpedia.org/resource/Staffing"
"6","http://dbpedia.org/ontology/parentCompany","http://dbpedia.org/resource/Disney_Media_and_Entertainment_Distribution"
"6","http://dbpedia.org/ontology/service","http://dbpedia.org/resource/Stock_trader"
"6","http://dbpedia.org/ontology/service","http://dbpedia.org/resource/Derivative_(finance)"
"5","http://dbpedia.org/ontology/service","http://dbpedia.org/resource/Sustainability"
"5","http://dbpedia.org/ontology/parentCompany","http://dbpedia.org/resource/Walgreens_Boots_Alliance"
"5","http://dbpedia.org/ontology/industry","http://dbpedia.org/resource/Landscape_design"
"5","http://dbpedia.org/ontology/keyPerson","http://dbpedia.org/resource/Ann_Sarnoff"
"5","http://dbpedia.org/ontology/service","http://dbpedia.org/resource/Travel"
"5","http://dbpedia.org/ontology/foundedBy","http://dbpedia.org/resource/Cornelius_Vander_Starr"
"5","http://dbpedia.org/ontology/service","http://dbpedia.org/resource/Market_data"
"5","http://dbpedia.org/ontology/owningCompany","http://dbpedia.org/resource/Investor_AB"
"5","http://dbpedia.org/ontology/parentCompany","http://dbpedia.org/resource/Accenture"
"5","http://dbpedia.org/ontology/service","http://dbpedia.org/resource/Planning"
"5","http://dbpedia.org/ontology/owningCompany","http://dbpedia.org/resource/Wallenberg_family"
"5","http://dbpedia.org/ontology/product","http://dbpedia.org/resource/Prime_brokerage"
"5","http://dbpedia.org/ontology/successor","http://dbpedia.org/resource/ViacomCBS"
"5","http://dbpedia.org/ontology/parentCompany","http://dbpedia.org/resource/A&P"
"5","http://dbpedia.org/ontology/service","http://dbpedia.org/resource/Futures_contract"
"5","http://dbpedia.org/ontology/product","http://dbpedia.org/resource/Market_data"
"5","http://dbpedia.org/ontology/product","http://dbpedia.org/resource/Option_(finance)"
"5","http://dbpedia.org/ontology/foundedBy","http://dbpedia.org/resource/Michael_Bloomberg"
"5","http://dbpedia.org/ontology/industry","http://dbpedia.org/resource/Smart_city"
"5","http://dbpedia.org/ontology/parentCompany","http://dbpedia.org/resource/G-III_Apparel_Group"
"5","http://dbpedia.org/ontology/predecessor","http://dbpedia.org/resource/Westinghouse_Electric_Corporation"
"4","http://dbpedia.org/ontology/keyPerson","http://dbpedia.org/resource/Lakshmi_Mittal"
"4","http://dbpedia.org/ontology/keyPerson","http://dbpedia.org/resource/Michael_Bloomberg"
"4","http://dbpedia.org/ontology/owner","http://dbpedia.org/resource/Elliott_Management_Corporation"
"4","http://dbpedia.org/ontology/product","http://dbpedia.org/resource/Derivative_(finance)"
"4","http://dbpedia.org/ontology/foundedBy","http://dbpedia.org/resource/Alexander_Hamilton"
"4","http://dbpedia.org/ontology/parentCompany","http://dbpedia.org/resource/London_Stock_Exchange_Group"
"4","http://dbpedia.org/ontology/subsidiary","http://dbpedia.org/resource/Simon_&_Schuster"
"4","http://dbpedia.org/ontology/location","http://dbpedia.org/resource/1211_Avenue_of_the_Americas"
"4","http://dbpedia.org/ontology/foundedBy","http://dbpedia.org/resource/Donald_Trump"
"4","http://dbpedia.org/ontology/owningCompany","http://dbpedia.org/resource/Major_League_Baseball"
"4","http://dbpedia.org/ontology/foundedBy","http://dbpedia.org/resource/Charles_Dolan"
"4","http://dbpedia.org/ontology/regionServed","http://dbpedia.org/resource/Beverly_Hills,_California"
"4","http://dbpedia.org/ontology/foundedBy","http://dbpedia.org/resource/Kevin_P._Ryan"
"4","http://dbpedia.org/ontology/foundedBy","http://dbpedia.org/resource/William_Randolph_Hearst"
"4","http://dbpedia.org/ontology/keyPerson","http://dbpedia.org/resource/Rupert_Murdoch"
"4","http://dbpedia.org/ontology/service","http://dbpedia.org/resource/Option_(finance)"
"3","http://dbpedia.org/ontology/division","http://dbpedia.org/resource/ViacomCBS_Networks_International"
"3","http://dbpedia.org/ontology/subsidiary","http://dbpedia.org/resource/Viacom18"
"3","http://dbpedia.org/ontology/location","http://dbpedia.org/resource/One_Liberty_Plaza"
"3","http://dbpedia.org/ontology/division","http://dbpedia.org/resource/Commercial_bank"
"3","http://dbpedia.org/ontology/headquarter","http://dbpedia.org/resource/Midtown_Manhattan"
"3","http://dbpedia.org/ontology/owningCompany","http://dbpedia.org/resource/Retail_ECommerce_Ventures"
"3","http://dbpedia.org/ontology/predecessor","http://dbpedia.org/resource/Viacom_(1952â€“2006)"
"3","http://dbpedia.org/ontology/headquarter","http://dbpedia.org/resource/Third_Avenue"
"3","http://dbpedia.org/ontology/industry","http://dbpedia.org/resource/Merchant_bank"
"3","http://dbpedia.org/ontology/keyPerson","http://dbpedia.org/resource/Peter_Thiel"
"3","http://dbpedia.org/ontology/owningCompany","http://dbpedia.org/resource/Elliott_Management_Corporation"
"3","http://dbpedia.org/ontology/foundedBy","http://dbpedia.org/resource/Sanford_I._Weill"
"3","http://dbpedia.org/ontology/foundedBy","http://dbpedia.org/resource/Steve_Ross_(businessman)"
"3","http://dbpedia.org/ontology/owner","http://dbpedia.org/resource/Retail_ECommerce_Ventures"
"3","http://dbpedia.org/ontology/parentCompany","http://dbpedia.org/resource/Roc_Nation"
"3","http://dbpedia.org/ontology/service","http://dbpedia.org/resource/Adaptive_reuse"
"3","http://dbpedia.org/ontology/service","http://dbpedia.org/resource/Conservation_and_restoration_of_immovable_cultural_property"
"3","http://dbpedia.org/ontology/foundedBy","http://dbpedia.org/resource/WarnerMedia"
"3","http://dbpedia.org/ontology/parentCompany","http://dbpedia.org/resource/CNN"
"3","http://dbpedia.org/ontology/predecessor","http://dbpedia.org/resource/Gulf_and_Western_Industries"
"3","http://dbpedia.org/ontology/owner","http://dbpedia.org/resource/Luvanis"
"3","http://dbpedia.org/ontology/parentCompany","http://dbpedia.org/resource/GoDaddy"
"3","http://dbpedia.org/ontology/subsidiary","http://dbpedia.org/resource/Showtime_Networks"
"3","http://dbpedia.org/ontology/subsidiary","http://dbpedia.org/resource/Paramount_Pictures"
"3","http://dbpedia.org/ontology/foundedBy","http://dbpedia.org/resource/J._P._Morgan"
"3","http://dbpedia.org/ontology/product","http://dbpedia.org/resource/Futures_contract"
"3","http://dbpedia.org/ontology/subsidiary","http://dbpedia.org/resource/Westinghouse_Licensing_Corporation"
"3","http://dbpedia.org/ontology/keyPerson","http://dbpedia.org/resource/David_Nevins_(television_producer)"
"3","http://dbpedia.org/ontology/locationCity","http://dbpedia.org/resource/One_Astor_Plaza"
"3","http://dbpedia.org/ontology/owner","http://dbpedia.org/resource/Sydell_Group"
"3","http://dbpedia.org/ontology/predecessor","http://dbpedia.org/resource/Citigroup"
"3","http://dbpedia.org/ontology/targetAirport","http://dbpedia.org/resource/Westchester_County_Airport"
"3","http://dbpedia.org/ontology/foundedBy","http://dbpedia.org/resource/Zachary_Fisher"
"3","http://dbpedia.org/ontology/keyPerson","http://dbpedia.org/resource/Lachlan_Murdoch"
"3","http://dbpedia.org/ontology/service","http://dbpedia.org/resource/Landscape_design"
"3","http://dbpedia.org/ontology/division","http://dbpedia.org/resource/ViacomCBS_Domestic_Media_Networks"
"3","http://dbpedia.org/ontology/division","http://dbpedia.org/resource/Wealth_management"
"3","http://dbpedia.org/ontology/owningCompany","http://dbpedia.org/resource/Luvanis"
"3","http://dbpedia.org/ontology/service","http://dbpedia.org/resource/United_States_antitrust_law"
"2","http://dbpedia.org/ontology/location","http://dbpedia.org/resource/731_Lexington_Avenue"
"2","http://dbpedia.org/ontology/headquarter","http://dbpedia.org/resource/57th_Street_(Manhattan)"
"2","http://dbpedia.org/ontology/parentCompany","http://dbpedia.org/resource/Retail_ECommerce_Ventures"
"2","http://dbpedia.org/ontology/subsidiary","http://dbpedia.org/resource/CBS_Media_Ventures"
"2","http://dbpedia.org/ontology/type","http://dbpedia.org/resource/Public-benefit_corporation"
"2","http://dbpedia.org/ontology/hubAirport","http://dbpedia.org/resource/New_York_Skyports_Seaplane_Base"
"2","http://dbpedia.org/ontology/division","http://dbpedia.org/resource/Fox_Entertainment_Group"
"2","http://dbpedia.org/ontology/headquarter","http://dbpedia.org/resource/Hearst_Tower_(Manhattan)"
"2","http://dbpedia.org/ontology/industry","http://dbpedia.org/resource/Sculpture"
"2","http://dbpedia.org/ontology/industry","http://dbpedia.org/resource/Residential_area"
"2","http://dbpedia.org/ontology/keyPerson","http://dbpedia.org/resource/James_Daunt"
"2","http://dbpedia.org/ontology/keyPerson","http://dbpedia.org/resource/Jason_Kilar"
"2","http://dbpedia.org/ontology/subsidiary","http://dbpedia.org/resource/Chase_Bank"
"2","http://dbpedia.org/ontology/subsidiary","http://dbpedia.org/resource/Awesomeness_(company)"
"2","http://dbpedia.org/ontology/location","http://dbpedia.org/resource/Toy_Center"
"2","http://dbpedia.org/ontology/foundedBy","http://dbpedia.org/resource/Leonard_Riggio"
"2","http://dbpedia.org/ontology/foundedBy","http://dbpedia.org/resource/Henry_Sturgis_Morgan"
"2","http://dbpedia.org/ontology/keyPerson","http://dbpedia.org/resource/Eli_Holzman"
"2","http://dbpedia.org/ontology/owner","http://dbpedia.org/resource/Merrill_(company)"
"2","http://dbpedia.org/ontology/service","http://dbpedia.org/resource/Lighting_designer"
"2","http://dbpedia.org/ontology/location","http://dbpedia.org/resource/399_Park_Avenue"
"2","http://dbpedia.org/ontology/foundedBy","http://dbpedia.org/resource/Aaron_Burr"
"2","http://dbpedia.org/ontology/headquarter","http://dbpedia.org/resource/30_Hudson_Yards"
"2","http://dbpedia.org/ontology/keyPerson","http://dbpedia.org/resource/James_Quincey"
"2","http://dbpedia.org/ontology/keyPerson","http://dbpedia.org/resource/Raheem_J._Brennerman"
"2","http://dbpedia.org/ontology/owner","http://dbpedia.org/resource/Mitsubishi_UFJ_Financial_Group"
"2","http://dbpedia.org/ontology/subsidiary","http://dbpedia.org/resource/List_of_assets_owned_by_News_Corp"
"2","http://dbpedia.org/ontology/subsidiary","http://dbpedia.org/resource/VidCon"
"2","http://dbpedia.org/ontology/successor","http://dbpedia.org/resource/21st_Century_Fox"
"2","http://dbpedia.org/ontology/foundedBy","http://dbpedia.org/resource/Balthazar_P._Melick"
"2","http://dbpedia.org/ontology/locationCity","http://dbpedia.org/resource/Montvale,_New_Jersey"
"2","http://dbpedia.org/ontology/predecessor","http://dbpedia.org/resource/Manhattan_Company"
"2","http://dbpedia.org/ontology/product","http://dbpedia.org/resource/American_Idol"
"2","http://dbpedia.org/ontology/service","http://dbpedia.org/resource/Strategy"
"2","http://dbpedia.org/ontology/subsidiary","http://dbpedia.org/resource/CBS"
"2","http://dbpedia.org/ontology/division","http://dbpedia.org/resource/Fox_Networks_Group"
"2","http://dbpedia.org/ontology/foundedBy","http://dbpedia.org/resource/Harold_Stanley"
"2","http://dbpedia.org/ontology/headquarter","http://dbpedia.org/resource/40_Wall_Street"
"2","http://dbpedia.org/ontology/headquarter","http://dbpedia.org/resource/Manhattan_Beach,_California"
"2","http://dbpedia.org/ontology/keyPerson","http://dbpedia.org/resource/Dennis_Crowley"
"2","http://dbpedia.org/ontology/keyPerson","http://dbpedia.org/resource/Daniel_L._Doctoroff"
"2","http://dbpedia.org/ontology/keyPerson","http://dbpedia.org/resource/Shantanu_Narayen"
"2","http://dbpedia.org/ontology/owningCompany","http://dbpedia.org/resource/Merrill_(company)"
"2","http://dbpedia.org/ontology/predecessor","http://dbpedia.org/resource/News_Corporation"
"2","http://dbpedia.org/ontology/product","http://dbpedia.org/resource/Charge_card"
"2","http://dbpedia.org/ontology/product","http://dbpedia.org/resource/The_New_York_Times"
"2","http://dbpedia.org/ontology/subsidiary","http://dbpedia.org/resource/Rainbow_S.p.A."
"2","http://dbpedia.org/ontology/subsidiary","http://dbpedia.org/resource/ViacomCBS"
"2","http://dbpedia.org/ontology/subsidiary","http://dbpedia.org/resource/Citibank_(Malaysia)"
"2","http://dbpedia.org/ontology/foundedBy","http://dbpedia.org/resource/Dennis_Crowley"
"2","http://dbpedia.org/ontology/foundedBy","http://dbpedia.org/resource/Reynolds_Securities"
"2","http://dbpedia.org/ontology/keyPerson","http://dbpedia.org/resource/Aaron_Saidman"
"2","http://dbpedia.org/ontology/keyPerson","http://dbpedia.org/resource/Principal_(commercial_law)"
"2","http://dbpedia.org/ontology/keyPerson","http://dbpedia.org/resource/Gerhard_Zeiler"
"2","http://dbpedia.org/ontology/product","http://dbpedia.org/resource/Financial_technology"
"2","http://dbpedia.org/ontology/subsidiary","http://dbpedia.org/resource/Paws,_Inc."
"2","http://dbpedia.org/ontology/foundedBy","http://dbpedia.org/resource/ViacomCBS_Domestic_Media_Networks"
"2","http://dbpedia.org/ontology/headquarter","http://dbpedia.org/resource/450_Lexington_Avenue"
"2","http://dbpedia.org/ontology/owner","http://dbpedia.org/resource/Major_League_Baseball"
"2","http://dbpedia.org/ontology/parentCompany","http://dbpedia.org/resource/Israel_Discount_Bank"
"2","http://dbpedia.org/ontology/predecessor","http://dbpedia.org/resource/Paramount_Pictures"
"2","http://dbpedia.org/ontology/service","http://dbpedia.org/resource/Mail_order"
"2","http://dbpedia.org/ontology/subsidiary","http://dbpedia.org/resource/Cinemax"
"2","http://dbpedia.org/ontology/keyPerson","http://dbpedia.org/resource/Peter_Grauer"
"2","http://dbpedia.org/ontology/keyPerson","http://dbpedia.org/resource/James_P._Gorman"
"2","http://dbpedia.org/ontology/parentCompany","http://dbpedia.org/resource/BNY_Mellon"
"2","http://dbpedia.org/ontology/predecessor","http://dbpedia.org/resource/ViacomCBS_Domestic_Media_Networks"
"2","http://dbpedia.org/ontology/division","http://dbpedia.org/resource/Fox_Entertainment"
"2","http://dbpedia.org/ontology/foundedBy","http://dbpedia.org/resource/James_S._C._Chao"
"2","http://dbpedia.org/ontology/headquarter","http://dbpedia.org/resource/Asia"
"2","http://dbpedia.org/ontology/industry","http://dbpedia.org/resource/Lighting_designer"
"2","http://dbpedia.org/ontology/keyPerson","http://dbpedia.org/resource/Robert_Bakish"
"2","http://dbpedia.org/ontology/owningCompany","http://dbpedia.org/resource/Mitsubishi_UFJ_Financial_Group"
"2","http://dbpedia.org/ontology/product","http://dbpedia.org/resource/Money_market_fund"
"2","http://dbpedia.org/ontology/product","http://dbpedia.org/resource/Sales_and_trading"
"2","http://dbpedia.org/ontology/service","http://dbpedia.org/resource/Platform_as_a_service"
"2","http://dbpedia.org/ontology/subsidiary","http://dbpedia.org/resource/Discover_Card"
"2","http://dbpedia.org/ontology/location","http://dbpedia.org/resource/200_West_Street"
"2","http://dbpedia.org/ontology/headquarter","http://dbpedia.org/resource/Rye_Brook,_New_York"
"2","http://dbpedia.org/ontology/keyPerson","http://dbpedia.org/resource/Jamie_Dimon"
"2","http://dbpedia.org/ontology/keyPerson","http://dbpedia.org/resource/Jeff_Zucker"
"2","http://dbpedia.org/ontology/owningCompany","http://dbpedia.org/resource/Morgan_Stanley"
"2","http://dbpedia.org/ontology/parentCompany","http://dbpedia.org/resource/Intercontinental_Exchange"
"2","http://dbpedia.org/ontology/parentCompany","http://dbpedia.org/resource/Mitsubishi_Estate"
"2","http://dbpedia.org/ontology/subsidiary","http://dbpedia.org/resource/Citigroup_Global_Markets_Japan"
"2","http://dbpedia.org/ontology/subsidiary","http://dbpedia.org/resource/Bellator_MMA"
"2","http://dbpedia.org/ontology/successor","http://dbpedia.org/resource/Perseus_Books_Group"
"1","http://dbpedia.org/ontology/location","http://dbpedia.org/resource/Equitable_Building_(Manhattan)"
"1","http://dbpedia.org/ontology/division","http://dbpedia.org/resource/HBO_Max"
"1","http://dbpedia.org/ontology/division","http://dbpedia.org/resource/Fox_News"
"1","http://dbpedia.org/ontology/foundedBy","http://dbpedia.org/resource/Tevfik_Arif"
"1","http://dbpedia.org/ontology/foundedBy","http://dbpedia.org/resource/William_B._Hornblower"
"1","http://dbpedia.org/ontology/foundedBy","http://dbpedia.org/resource/Christian_Schwartz"
"1","http://dbpedia.org/ontology/founder","http://dbpedia.org/resource/Kent_Carroll"
"1","http://dbpedia.org/ontology/founder","http://dbpedia.org/resource/DeWitt_Wallace"
"1","http://dbpedia.org/ontology/headquarter","http://dbpedia.org/resource/Hell's_Kitchen,_Manhattan"
"1","http://dbpedia.org/ontology/industry","http://dbpedia.org/resource/Market_data"
"1","http://dbpedia.org/ontology/keyPerson","http://dbpedia.org/resource/Roger_W._Ferguson_Jr."
"1","http://dbpedia.org/ontology/keyPerson","http://dbpedia.org/resource/Dan_Littman"
"1","http://dbpedia.org/ontology/keyPerson","http://dbpedia.org/resource/Peter_Zaffino"
"1","http://dbpedia.org/ontology/keyPerson","http://dbpedia.org/resource/Larry_Fink"
"1","http://dbpedia.org/ontology/keyPerson","http://dbpedia.org/resource/Brian_Duperreault"
"1","http://dbpedia.org/ontology/owner","http://dbpedia.org/resource/Anchorage_Capital"
"1","http://dbpedia.org/ontology/predecessor","http://dbpedia.org/resource/Mellon_Financial"
"1","http://dbpedia.org/ontology/product","http://dbpedia.org/resource/Telephone_exchange"
"1","http://dbpedia.org/ontology/product","http://dbpedia.org/resource/Et_cetera"
"1","http://dbpedia.org/ontology/product","http://dbpedia.org/resource/So_You_Think_You_Can_Dance"
"1","http://dbpedia.org/ontology/regionServed","http://dbpedia.org/resource/Video_production"
"1","http://dbpedia.org/ontology/subsidiary","http://dbpedia.org/resource/Citibank_Korea"
"1","http://dbpedia.org/ontology/subsidiary","http://dbpedia.org/resource/Morgan_Stanley_Wealth_Management"
"1","http://dbpedia.org/ontology/subsidiary","http://dbpedia.org/resource/ViacomCBS_Streaming"
"1","http://dbpedia.org/ontology/subsidiary","http://dbpedia.org/resource/Tubi"
"1","http://dbpedia.org/ontology/subsidiary","http://dbpedia.org/resource/The_Intellectual_Property_Corporation"
"1","http://dbpedia.org/ontology/subsidiary","http://dbpedia.org/resource/CBS_Sports_Network"
"1","http://dbpedia.org/ontology/subsidiary","http://dbpedia.org/resource/Citibank_Europe"
"1","http://dbpedia.org/ontology/successor","http://dbpedia.org/resource/Literary_Guild"
"1","http://dbpedia.org/ontology/significantDesign","http://dbpedia.org/resource/One_Times_Square"
"1","http://dbpedia.org/ontology/hubAirport","http://dbpedia.org/resource/Boston_Harbor_Seaplane_Base"
"1","http://dbpedia.org/ontology/division","http://dbpedia.org/resource/Investment_banking"
"1","http://dbpedia.org/ontology/division","http://dbpedia.org/resource/Euronext_Lisbon"
"1","http://dbpedia.org/ontology/division","http://dbpedia.org/resource/Fox_Sports_(United_States)"
"1","http://dbpedia.org/ontology/foundedBy","http://dbpedia.org/resource/Charles_Lewis_Tiffany"
"1","http://dbpedia.org/ontology/foundedBy","http://dbpedia.org/resource/Samuel_D._Waksal"
"1","http://dbpedia.org/ontology/foundedBy","http://dbpedia.org/resource/Richard_Schwartz_(politician)"
"1","http://dbpedia.org/ontology/foundedBy","http://dbpedia.org/resource/Eric_M._Jackson"
"1","http://dbpedia.org/ontology/foundedBy","http://dbpedia.org/resource/William_Welch_Deloitte"
"1","http://dbpedia.org/ontology/foundedBy","http://dbpedia.org/resource/Cosentini_Associates"
"1","http://dbpedia.org/ontology/foundedBy","http://dbpedia.org/resource/Duncan_MacMillan_(businessman)"
"1","http://dbpedia.org/ontology/headquarter","http://dbpedia.org/resource/Axa_Equitable_Center"
"1","http://dbpedia.org/ontology/keyPerson","http://dbpedia.org/resource/Stephen_M._Scherr"
"1","http://dbpedia.org/ontology/keyPerson","http://dbpedia.org/resource/John_C._Dugan"
"1","http://dbpedia.org/ontology/keyPerson","http://dbpedia.org/resource/Jane_Fraser_(executive)"
"1","http://dbpedia.org/ontology/keyPerson","http://dbpedia.org/resource/William_P._Lauder"
"1","http://dbpedia.org/ontology/keyPerson","http://dbpedia.org/resource/Morgan_Downey"
"1","http://dbpedia.org/ontology/keyPerson","http://dbpedia.org/resource/Andy_Saperstein"
"1","http://dbpedia.org/ontology/occupation","http://dbpedia.org/resource/Henry_E._Sharp__PersonFunction__1"
"1","http://dbpedia.org/ontology/owner","http://dbpedia.org/resource/Murdoch_family"
"1","http://dbpedia.org/ontology/owningCompany","http://dbpedia.org/resource/Xiaomi"
"1","http://dbpedia.org/ontology/owningCompany","http://dbpedia.org/resource/Murdoch_family"
"1","http://dbpedia.org/ontology/owningCompany","http://dbpedia.org/resource/Anchorage_Capital"
"1","http://dbpedia.org/ontology/product","http://dbpedia.org/resource/Beme_(app)"
"1","http://dbpedia.org/ontology/subsidiary","http://dbpedia.org/resource/Citibank_Argentina"
"1","http://dbpedia.org/ontology/subsidiary","http://dbpedia.org/resource/TIAA_Bank"
"1","http://dbpedia.org/ontology/subsidiary","http://dbpedia.org/resource/Citibank_Uganda"
"1","http://dbpedia.org/ontology/subsidiary","http://dbpedia.org/resource/Credible_(company)"
"1","http://dbpedia.org/ontology/subsidiary","http://dbpedia.org/resource/Nasdaq"
"1","http://dbpedia.org/ontology/subsidiary","http://dbpedia.org/resource/E-Trade"
"1","http://dbpedia.org/ontology/subsidiary","http://dbpedia.org/resource/Eaton_Vance"
"1","http://dbpedia.org/ontology/subsidiary","http://dbpedia.org/resource/Citibank_Singapore"
"1","http://dbpedia.org/ontology/type","http://dbpedia.org/resource/Virtualization"
"1","http://dbpedia.org/ontology/broadcastNetwork","http://dbpedia.org/resource/List_of_Univision_affiliates_(table)"
"1","http://dbpedia.org/ontology/division","http://dbpedia.org/resource/HBO_Go"
"1","http://dbpedia.org/ontology/division","http://dbpedia.org/resource/Asset"
"1","http://dbpedia.org/ontology/division","http://dbpedia.org/resource/NYSE_Technologies"
"1","http://dbpedia.org/ontology/foundedBy","http://dbpedia.org/resource/John_D'Angelico"
"1","http://dbpedia.org/ontology/foundedBy","http://dbpedia.org/resource/John_D._Howard"
"1","http://dbpedia.org/ontology/foundedBy","http://dbpedia.org/resource/Horace_Manges"
"1","http://dbpedia.org/ontology/foundedBy","http://dbpedia.org/resource/Charles_Kushner"
"1","http://dbpedia.org/ontology/foundedBy","http://dbpedia.org/resource/Main_Bocher"
"1","http://dbpedia.org/ontology/foundedBy","http://dbpedia.org/resource/Shriram_Bhashyam"
"1","http://dbpedia.org/ontology/industry","http://dbpedia.org/resource/Boutique_investment_bank"
"1","http://dbpedia.org/ontology/keyPerson","http://dbpedia.org/resource/Casey_Neistat"
"1","http://dbpedia.org/ontology/keyPerson","http://dbpedia.org/resource/Lloyd_Blankfein"
"1","http://dbpedia.org/ontology/keyPerson","http://dbpedia.org/resource/Meredith_Kopit_Levien"
"1","http://dbpedia.org/ontology/owner","http://dbpedia.org/resource/Michael_Bloomberg"
"1","http://dbpedia.org/ontology/owningCompany","http://dbpedia.org/resource/United_Talent_Agency"
"1","http://dbpedia.org/ontology/predecessor","http://dbpedia.org/resource/Chase_Bank"
"1","http://dbpedia.org/ontology/predecessor","http://dbpedia.org/resource/Time_Inc."
"1","http://dbpedia.org/ontology/subsidiary","http://dbpedia.org/resource/Nikko_Cordial"
"1","http://dbpedia.org/ontology/subsidiary","http://dbpedia.org/resource/HBO_Europe"
"1","http://dbpedia.org/ontology/subsidiary","http://dbpedia.org/resource/Tennenbaum_Capital_Partners"
"1","http://dbpedia.org/ontology/targetAirport","http://dbpedia.org/resource/Boston_Harbor_Seaplane_Base"
"1","http://dbpedia.org/ontology/foundedBy","http://dbpedia.org/resource/Joseph_Fahys"
"1","http://dbpedia.org/ontology/foundedBy","http://dbpedia.org/resource/Thomas_Mellon"
"1","http://dbpedia.org/ontology/foundedBy","http://dbpedia.org/resource/George_Jones_(publisher)"
"1","http://dbpedia.org/ontology/foundedBy","http://dbpedia.org/resource/J._Max_Bond_Jr."
"1","http://dbpedia.org/ontology/keyPerson","http://dbpedia.org/resource/Richard_Gnodde"
"1","http://dbpedia.org/ontology/keyPerson","http://dbpedia.org/resource/John_F._W._Rogers"
"1","http://dbpedia.org/ontology/owner","http://dbpedia.org/resource/United_Talent_Agency"
"1","http://dbpedia.org/ontology/parentCompany","http://dbpedia.org/resource/Collective_Brands"
"1","http://dbpedia.org/ontology/predecessor","http://dbpedia.org/resource/Kinney_National_Company"
"1","http://dbpedia.org/ontology/product","http://dbpedia.org/resource/SparkNotes"
"1","http://dbpedia.org/ontology/product","http://dbpedia.org/resource/Classic_book"
"1","http://dbpedia.org/ontology/product","http://dbpedia.org/resource/List_of_assets_owned_by_The_New_York_Times_Company"
"1","http://dbpedia.org/ontology/subsidiary","http://dbpedia.org/resource/Metalmark_Capital"
"1","http://dbpedia.org/ontology/subsidiary","http://dbpedia.org/resource/J.P._Morgan_&_Co."
"1","http://dbpedia.org/ontology/subsidiary","http://dbpedia.org/resource/CBS_Records_(2006)"
"1","http://dbpedia.org/ontology/subsidiary","http://dbpedia.org/resource/Pluto_TV"
"1","http://dbpedia.org/ontology/subsidiary","http://dbpedia.org/resource/Citibank_United_Arab_Emirates"
"1","http://dbpedia.org/ontology/significantBuilding","http://dbpedia.org/resource/Saint_Cecilia's_Catholic_Church_(Brooklyn)"
"1","http://dbpedia.org/ontology/location","http://dbpedia.org/resource/Brookfield_Place_(New_York_City)"
"1","http://dbpedia.org/ontology/birthPlace","http://dbpedia.org/resource/Hochbein"
"1","http://dbpedia.org/ontology/foundedBy","http://dbpedia.org/resource/Thomas_Secunda"
"1","http://dbpedia.org/ontology/foundedBy","http://dbpedia.org/resource/Samuel_Osgood"
"1","http://dbpedia.org/ontology/foundedBy","http://dbpedia.org/resource/Henry_Jarvis_Raymond"
"1","http://dbpedia.org/ontology/foundedBy","http://dbpedia.org/resource/Henry_Sands_Brooks"
"1","http://dbpedia.org/ontology/foundedBy","http://dbpedia.org/resource/Michael_J._Black"
"1","http://dbpedia.org/ontology/foundedBy","http://dbpedia.org/resource/Phil_Haslett"
"1","http://dbpedia.org/ontology/industry","http://dbpedia.org/resource/New_York_City"
"1","http://dbpedia.org/ontology/keyPerson","http://dbpedia.org/resource/Chase_Carey"
"1","http://dbpedia.org/ontology/keyPerson","http://dbpedia.org/resource/Fabrizio_Freda"
"1","http://dbpedia.org/ontology/predecessor","http://dbpedia.org/resource/BNY_Mellon"
"1","http://dbpedia.org/ontology/predecessor","http://dbpedia.org/resource/The_Travelers_Companies"
"1","http://dbpedia.org/ontology/subsidiary","http://dbpedia.org/resource/Salomon_Brothers"
"1","http://dbpedia.org/ontology/subsidiary","http://dbpedia.org/resource/Citibank_India"
"1","http://dbpedia.org/ontology/subsidiary","http://dbpedia.org/resource/List_of_assets_owned_by_21st_Century_Fox"
"1","http://dbpedia.org/ontology/subsidiary","http://dbpedia.org/resource/Beymen"
"1","http://dbpedia.org/ontology/division","http://dbpedia.org/resource/Goldman_Sachs"
"1","http://dbpedia.org/ontology/foundedBy","http://dbpedia.org/resource/Donna_Karan"
"1","http://dbpedia.org/ontology/foundedBy","http://dbpedia.org/resource/Morgan_Stanley_Wealth_Management"
"1","http://dbpedia.org/ontology/foundedBy","http://dbpedia.org/resource/Ken_Moelis"
"1","http://dbpedia.org/ontology/foundedBy","http://dbpedia.org/resource/Kate_and_Laura_Mulleavy"
"1","http://dbpedia.org/ontology/foundedBy","http://dbpedia.org/resource/Howard_Gibbins"
"1","http://dbpedia.org/ontology/foundedBy","http://dbpedia.org/resource/Marcus_Goldman"
"1","http://dbpedia.org/ontology/foundedBy","http://dbpedia.org/resource/Cyrus_L._W._Eidlitz"
"1","http://dbpedia.org/ontology/foundedBy","http://dbpedia.org/resource/Robert_S._Kapito"
"1","http://dbpedia.org/ontology/headquarter","http://dbpedia.org/resource/General_Motors_Building_(Manhattan)"
"1","http://dbpedia.org/ontology/keyPerson","http://dbpedia.org/resource/Punit_Renjen"
"1","http://dbpedia.org/ontology/keyPerson","http://dbpedia.org/resource/Duncan_L._Niederauer"
"1","http://dbpedia.org/ontology/keyPerson","http://dbpedia.org/resource/Tristan_Louis"
"1","http://dbpedia.org/ontology/keyPerson","http://dbpedia.org/resource/Ian_Bremmer"
"1","http://dbpedia.org/ontology/keyPerson","http://dbpedia.org/resource/Brookfield_Asset_Management"
"1","http://dbpedia.org/ontology/keyPerson","http://dbpedia.org/resource/Brookfield_Property_Partners"
"1","http://dbpedia.org/ontology/keyPerson","http://dbpedia.org/resource/Robert_S._Kapito"
"1","http://dbpedia.org/ontology/keyPerson","http://dbpedia.org/resource/Hugh_Rovit"
"1","http://dbpedia.org/ontology/owningCompany","http://dbpedia.org/resource/Michael_Bloomberg"
"1","http://dbpedia.org/ontology/predecessor","http://dbpedia.org/resource/J.P._Morgan_&_Co."
"1","http://dbpedia.org/ontology/predecessor","http://dbpedia.org/resource/Control_Group"
"1","http://dbpedia.org/ontology/subsidiary","http://dbpedia.org/resource/Nasdaq_Nordic"
"1","http://dbpedia.org/ontology/subsidiary","http://dbpedia.org/resource/CBS_Studios"
"1","http://dbpedia.org/ontology/subsidiary","http://dbpedia.org/resource/Sharp_Entertainment"
"1","http://dbpedia.org/ontology/subsidiary","http://dbpedia.org/resource/One_Equity_Partners"
"1","http://dbpedia.org/ontology/subsidiary","http://dbpedia.org/resource/19_Entertainment"
"1","http://dbpedia.org/ontology/subsidiary","http://dbpedia.org/resource/IDB_Capital"
"1","http://dbpedia.org/ontology/hubAirport","http://dbpedia.org/resource/Sikorsky_Memorial_Airport"
"1","http://dbpedia.org/ontology/division","http://dbpedia.org/resource/Euronext"
"1","http://dbpedia.org/ontology/division","http://dbpedia.org/resource/Euronext_Paris"
"1","http://dbpedia.org/ontology/division","http://dbpedia.org/resource/NYSE_Arca"
"1","http://dbpedia.org/ontology/foundedBy","http://dbpedia.org/resource/Sumner_Redstone"
"1","http://dbpedia.org/ontology/foundedBy","http://dbpedia.org/resource/Joseph_Segel"
"1","http://dbpedia.org/ontology/foundedBy","http://dbpedia.org/resource/Sylvan_Gotshal"
"1","http://dbpedia.org/ontology/foundedBy","http://dbpedia.org/resource/Stargate_(record_producers)"
"1","http://dbpedia.org/ontology/foundedBy","http://dbpedia.org/resource/Charles_Zegar"
"1","http://dbpedia.org/ontology/foundedBy","http://dbpedia.org/resource/Samuel_Sachs"
"1","http://dbpedia.org/ontology/foundedBy","http://dbpedia.org/resource/Hoan_Ton-That"
"1","http://dbpedia.org/ontology/founder","http://dbpedia.org/resource/Grove_Press"
"1","http://dbpedia.org/ontology/keyPerson","http://dbpedia.org/resource/Jim_Smith_(business_executive)"
"1","http://dbpedia.org/ontology/keyPerson","http://dbpedia.org/resource/Joseph_Ianniello"
"1","http://dbpedia.org/ontology/keyPerson","http://dbpedia.org/resource/Craig_Nevill-Manning"
"1","http://dbpedia.org/ontology/keyPerson","http://dbpedia.org/resource/Lillian_Zabar"
"1","http://dbpedia.org/ontology/keyPerson","http://dbpedia.org/resource/Benjamin_Altman"
"1","http://dbpedia.org/ontology/keyPerson","http://dbpedia.org/resource/Suzanne_Nora_Johnson"
"1","http://dbpedia.org/ontology/keyPerson","http://dbpedia.org/resource/Ted_Pick"
"1","http://dbpedia.org/ontology/owner","http://dbpedia.org/resource/Xiaomi"
"1","http://dbpedia.org/ontology/owningCompany","http://dbpedia.org/resource/Doubleday_(publisher)"
"1","http://dbpedia.org/ontology/predecessor","http://dbpedia.org/resource/Chemical_Bank"
"1","http://dbpedia.org/ontology/service","http://dbpedia.org/resource/Interiors"
"1","http://dbpedia.org/ontology/subsidiary","http://dbpedia.org/resource/Pop_(American_TV_channel)"
"1","http://dbpedia.org/ontology/subsidiary","http://dbpedia.org/resource/Citibank_(Hong_Kong)"
"1","http://dbpedia.org/ontology/subsidiary","http://dbpedia.org/resource/Grupo_Financiero_Banamex"
"1","http://dbpedia.org/ontology/subsidiary","http://dbpedia.org/resource/Citibank_Indonesia"
"1","http://dbpedia.org/ontology/subsidiary","http://dbpedia.org/resource/Goldman_Sachs_Personal_Financial_Management"
"1","http://dbpedia.org/ontology/location","http://dbpedia.org/resource/225_Liberty_Street"
"1","http://dbpedia.org/ontology/division","http://dbpedia.org/resource/Brussels_Stock_Exchange"
"1","http://dbpedia.org/ontology/division","http://dbpedia.org/resource/HBO"
"1","http://dbpedia.org/ontology/division","http://dbpedia.org/resource/New_York_Stock_Exchange"
"1","http://dbpedia.org/ontology/foundedBy","http://dbpedia.org/resource/Frank_Weil"
"1","http://dbpedia.org/ontology/foundedBy","http://dbpedia.org/resource/Sarah_Kauss"
"1","http://dbpedia.org/ontology/foundedBy","http://dbpedia.org/resource/Larry_Fink"
"1","http://dbpedia.org/ontology/foundedBy","http://dbpedia.org/resource/Lillian_Zabar"
"1","http://dbpedia.org/ontology/foundedBy","http://dbpedia.org/resource/Aryeh_Bourkoff"
"1","http://dbpedia.org/ontology/foundedBy","http://dbpedia.org/resource/Richard_Lewis_Blinder"
"1","http://dbpedia.org/ontology/foundedBy","http://dbpedia.org/resource/Henry_Blodget"
"1","http://dbpedia.org/ontology/founder","http://dbpedia.org/resource/Tao_Lin"
"1","http://dbpedia.org/ontology/industry","http://dbpedia.org/resource/JeweLry"
"1","http://dbpedia.org/ontology/keyPerson","http://dbpedia.org/resource/Robert_Thomson_(executive)"
"1","http://dbpedia.org/ontology/keyPerson","http://dbpedia.org/resource/Tevfik_Arif"
"1","http://dbpedia.org/ontology/keyPerson","http://dbpedia.org/resource/Susan_Hockfield"
"1","http://dbpedia.org/ontology/keyPerson","http://dbpedia.org/resource/Stephen_Squeri"
"1","http://dbpedia.org/ontology/occupation","http://dbpedia.org/resource/John_Vredenburgh_Van_Pelt__PersonFunction__1"
"1","http://dbpedia.org/ontology/owner","http://dbpedia.org/resource/Doubleday_(publisher)"
"1","http://dbpedia.org/ontology/parentCompany","http://dbpedia.org/resource/Brookfield_Property_Partners"
"1","http://dbpedia.org/ontology/product","http://dbpedia.org/resource/Guardian_Egyptian"
"1","http://dbpedia.org/ontology/service","http://dbpedia.org/resource/Graphics_and_Brand_Design"
"1","http://dbpedia.org/ontology/subsidiary","http://dbpedia.org/resource/Goldman_Sachs_Capital_Partners"
"1","http://dbpedia.org/ontology/subsidiary","http://dbpedia.org/resource/HBO_Asia"
"1","http://dbpedia.org/ontology/subsidiary","http://dbpedia.org/resource/Citi_Private_Bank"
"1","http://dbpedia.org/ontology/subsidiary","http://dbpedia.org/resource/Citibank_Australia"
"1","http://dbpedia.org/ontology/significantBuilding","http://dbpedia.org/resource/Holy_Name_of_Jesus_Roman_Catholic_Church_(Manhattan)"
"1","http://dbpedia.org/ontology/location","http://dbpedia.org/resource/200_Vesey_Street"
"1","http://dbpedia.org/ontology/location","http://dbpedia.org/resource/CBS_Building"
"1","http://dbpedia.org/ontology/foundedBy","http://dbpedia.org/resource/Naveen_Selvadurai"
"1","http://dbpedia.org/ontology/foundedBy","http://dbpedia.org/resource/George_Huntington_Hartford"
"1","http://dbpedia.org/ontology/foundedBy","http://dbpedia.org/resource/Larry_Fisher"
"1","http://dbpedia.org/ontology/foundedBy","http://dbpedia.org/resource/Blake_Morgan"
"1","http://dbpedia.org/ontology/foundedBy","http://dbpedia.org/resource/Viacom_(1952â€“2006)"
"1","http://dbpedia.org/ontology/headquarter","http://dbpedia.org/resource/Chelsea_Market"
"1","http://dbpedia.org/ontology/keyPerson","http://dbpedia.org/resource/Michael_Bastian"
"1","http://dbpedia.org/ontology/keyPerson","http://dbpedia.org/resource/Dave_McClure"
"1","http://dbpedia.org/ontology/keyPerson","http://dbpedia.org/resource/Thasunda_Duckett"
"1","http://dbpedia.org/ontology/keyPerson","http://dbpedia.org/resource/Norman_Pearlstine"
"1","http://dbpedia.org/ontology/keyPerson","http://dbpedia.org/resource/Joshua_Kushner"
"1","http://dbpedia.org/ontology/keyPerson","http://dbpedia.org/resource/A._G._Sulzberger"
"1","http://dbpedia.org/ontology/predecessor","http://dbpedia.org/resource/Reynolds_Securities"
"1","http://dbpedia.org/ontology/product","http://dbpedia.org/resource/Barnes_&_Noble_Nook"
"1","http://dbpedia.org/ontology/regionServed","http://dbpedia.org/resource/The_Hamptons"
"1","http://dbpedia.org/ontology/service","http://dbpedia.org/resource/Stock_exchange"
"1","http://dbpedia.org/ontology/subsidiary","http://dbpedia.org/resource/Citibank"
"1","http://dbpedia.org/ontology/subsidiary","http://dbpedia.org/resource/Fox_Broadcasting_Company"
"1","http://dbpedia.org/ontology/subsidiary","http://dbpedia.org/resource/WhoSay"
"1","http://dbpedia.org/ontology/subsidiary","http://dbpedia.org/resource/BNY_Mellon_Investment_Management"
"1","http://dbpedia.org/ontology/subsidiary","http://dbpedia.org/resource/Brookfield_Properties"
"1","http://dbpedia.org/ontology/significantBuilding","http://dbpedia.org/resource/Our_Lady_of_Good_Counsel_Church_(Manhattan)"
"1","http://dbpedia.org/ontology/location","http://dbpedia.org/resource/Morgan_Stanley_Building"
"1","http://dbpedia.org/ontology/division","http://dbpedia.org/resource/HBO_Films"
"1","http://dbpedia.org/ontology/foundedBy","http://dbpedia.org/resource/EstÃ©e_Lauder_(businesswoman)"
"1","http://dbpedia.org/ontology/foundedBy","http://dbpedia.org/resource/George_Gilman"
"1","http://dbpedia.org/ontology/foundedBy","http://dbpedia.org/resource/Charles_D._Barney"
"1","http://dbpedia.org/ontology/foundedBy","http://dbpedia.org/resource/Paul_Barnes_(designer)"
"1","http://dbpedia.org/ontology/genre","http://dbpedia.org/resource/Watchmaker"
"1","http://dbpedia.org/ontology/headquarter","http://dbpedia.org/resource/388_Greenwich_Street"
"1","http://dbpedia.org/ontology/keyPerson","http://dbpedia.org/resource/Sumner_Redstone"
"1","http://dbpedia.org/ontology/keyPerson","http://dbpedia.org/resource/Jared_Kushner"
"1","http://dbpedia.org/ontology/keyPerson","http://dbpedia.org/resource/Financial_services"
"1","http://dbpedia.org/ontology/keyPerson","http://dbpedia.org/resource/Adena_Friedman"
"1","http://dbpedia.org/ontology/predecessor","http://dbpedia.org/resource/Dean_Witter_Reynolds"
"1","http://dbpedia.org/ontology/product","http://dbpedia.org/resource/Traveller's_cheque"
"1","http://dbpedia.org/ontology/subsidiary","http://dbpedia.org/resource/TV_Guide"
"1","http://dbpedia.org/ontology/subsidiary","http://dbpedia.org/resource/The_CW"
"1","http://dbpedia.org/ontology/subsidiary","http://dbpedia.org/resource/Citibank_Bahrain"
"1","http://dbpedia.org/ontology/subsidiary","http://dbpedia.org/resource/Bank_Handlowy"
"1","http://dbpedia.org/ontology/significantDesign","http://dbpedia.org/resource/229_West_43rd_Street"
"1","http://dbpedia.org/ontology/division","http://dbpedia.org/resource/Fox_Television_Stations"
"1","http://dbpedia.org/ontology/foundedBy","http://dbpedia.org/resource/Dean_G._Witter"
"1","http://dbpedia.org/ontology/foundedBy","http://dbpedia.org/resource/Casey_Neistat"
"1","http://dbpedia.org/ontology/foundedBy","http://dbpedia.org/resource/Ailene_Fields"
"1","http://dbpedia.org/ontology/foundedBy","http://dbpedia.org/resource/John_Thompson_(banker)"
"1","http://dbpedia.org/ontology/foundedBy","http://dbpedia.org/resource/Susan_Wagner"
"1","http://dbpedia.org/ontology/foundedBy","http://dbpedia.org/resource/Benjamin_Altman"
"1","http://dbpedia.org/ontology/founder","http://dbpedia.org/resource/Lila_Acheson_Wallace"
"1","http://dbpedia.org/ontology/headquarter","http://dbpedia.org/resource/Viti_Levu"
"1","http://dbpedia.org/ontology/industry","http://dbpedia.org/resource/Facial_recognition_system"
"1","http://dbpedia.org/ontology/keyPerson","http://dbpedia.org/resource/Scott_Gottlieb"
"1","http://dbpedia.org/ontology/keyPerson","http://dbpedia.org/resource/David_M._Solomon"
"1","http://dbpedia.org/ontology/keyPerson","http://dbpedia.org/resource/Gregory_Wasson"
"1","http://dbpedia.org/ontology/keyPerson","http://dbpedia.org/resource/Helen_Hobbs"
"1","http://dbpedia.org/ontology/keyPerson","http://dbpedia.org/resource/Albert_Bourla"
"1","http://dbpedia.org/ontology/predecessor","http://dbpedia.org/resource/21st_Century_Fox"
"1","http://dbpedia.org/ontology/predecessor","http://dbpedia.org/resource/Titan_(transit_advertising_company)"
"1","http://dbpedia.org/ontology/product","http://dbpedia.org/resource/The_New_York_Times_International_Edition"
"1","http://dbpedia.org/ontology/subsidiary","http://dbpedia.org/resource/Citibank_(China)"
"1","http://dbpedia.org/ontology/subsidiary","http://dbpedia.org/resource/Citibank_Russia"
"1","http://dbpedia.org/ontology/subsidiary","http://dbpedia.org/resource/Nuveen"
"1","http://dbpedia.org/ontology/successor","http://dbpedia.org/resource/News_Corp"
