"25200","http://dbpedia.org/ontology/nationality","http://dbpedia.org/resource/United_States"
"17330","http://dbpedia.org/ontology/birthPlace","http://dbpedia.org/resource/United_States"
"10801","http://dbpedia.org/ontology/birthPlace","http://dbpedia.org/resource/New_York_City"
"8701","http://dbpedia.org/ontology/birthPlace","http://dbpedia.org/resource/France"
"8347","http://dbpedia.org/ontology/nationality","http://dbpedia.org/resource/United_Kingdom"
"7329","http://dbpedia.org/ontology/deathPlace","http://dbpedia.org/resource/United_States"
"5164","http://dbpedia.org/ontology/birthPlace","http://dbpedia.org/resource/Germany"
"5110","http://dbpedia.org/ontology/deathPlace","http://dbpedia.org/resource/London"
"5005","http://dbpedia.org/ontology/birthPlace","http://dbpedia.org/resource/Russian_Empire"
"5005","http://dbpedia.org/ontology/nationality","http://dbpedia.org/resource/India"
"4872","http://dbpedia.org/ontology/birthPlace","http://dbpedia.org/resource/Czechoslovakia"
"4871","http://dbpedia.org/ontology/deathPlace","http://dbpedia.org/resource/England"
"4599","http://dbpedia.org/ontology/birthPlace","http://dbpedia.org/resource/Paris"
"4524","http://dbpedia.org/ontology/nationality","http://dbpedia.org/resource/France"
"4309","http://dbpedia.org/ontology/birthPlace","http://dbpedia.org/resource/Philadelphia"
"4270","http://dbpedia.org/ontology/birthPlace","http://dbpedia.org/resource/Mexico"
"4259","http://dbpedia.org/ontology/deathPlace","http://dbpedia.org/resource/California"
"4241","http://dbpedia.org/ontology/deathPlace","http://dbpedia.org/resource/Paris"
"3979","http://dbpedia.org/ontology/birthPlace","http://dbpedia.org/resource/Poland"
"3974","http://dbpedia.org/ontology/almaMater","http://dbpedia.org/resource/Harvard_University"
"3779","http://dbpedia.org/ontology/birthPlace","http://dbpedia.org/resource/Iran"
"3766","http://dbpedia.org/ontology/deathPlace","http://dbpedia.org/resource/France"
"3524","http://dbpedia.org/ontology/birthPlace","http://dbpedia.org/resource/Moscow"
"3421","http://dbpedia.org/ontology/birthPlace","http://dbpedia.org/resource/Pennsylvania"
"3417","http://dbpedia.org/ontology/birthPlace","http://dbpedia.org/resource/Austria-Hungary"
"3096","http://dbpedia.org/ontology/nationality","http://dbpedia.org/resource/Germany"
"3004","http://dbpedia.org/ontology/birthPlace","http://dbpedia.org/resource/Romania"
"2980","http://dbpedia.org/ontology/award","http://dbpedia.org/resource/Order_of_the_British_Empire"
"2817","http://dbpedia.org/ontology/birthPlace","http://dbpedia.org/resource/China"
"2801","http://dbpedia.org/ontology/birthPlace","http://dbpedia.org/resource/Belgium"
"2786","http://dbpedia.org/ontology/birthPlace","http://dbpedia.org/resource/German_Empire"
"2778","http://dbpedia.org/ontology/academicDiscipline","http://dbpedia.org/resource/Mathematics"
"2708","http://dbpedia.org/ontology/birthPlace","http://dbpedia.org/resource/Norway"
"2646","http://dbpedia.org/ontology/deathPlace","http://dbpedia.org/resource/India"
"2535","http://dbpedia.org/ontology/birthPlace","http://dbpedia.org/resource/Rome"
"2401","http://dbpedia.org/ontology/birthPlace","http://dbpedia.org/resource/Mexico_City"
"2368","http://dbpedia.org/ontology/birthPlace","http://dbpedia.org/resource/Berlin"
"2347","http://dbpedia.org/ontology/birthPlace","http://dbpedia.org/resource/Austria"
"2277","http://dbpedia.org/ontology/birthPlace","http://dbpedia.org/resource/Vienna"
"2235","http://dbpedia.org/ontology/birthPlace","http://dbpedia.org/resource/Washington,_D.C."
"1983","http://dbpedia.org/ontology/almaMater","http://dbpedia.org/resource/Yale_University"
"1968","http://dbpedia.org/ontology/almaMater","http://dbpedia.org/resource/University_of_Cambridge"
"1903","http://dbpedia.org/ontology/almaMater","http://dbpedia.org/resource/University_of_Michigan"
"1863","http://dbpedia.org/ontology/almaMater","http://dbpedia.org/resource/University_of_California,_Berkeley"
"1849","http://dbpedia.org/ontology/birthPlace","http://dbpedia.org/resource/Baltimore"
"1786","http://dbpedia.org/ontology/birthPlace","http://dbpedia.org/resource/Greece"
"1776","http://dbpedia.org/ontology/birthPlace","http://dbpedia.org/resource/Lancashire"
"1770","http://dbpedia.org/ontology/deathPlace","http://dbpedia.org/resource/Chicago"
"1742","http://dbpedia.org/ontology/academicDiscipline","http://dbpedia.org/resource/Physics"
"1736","http://dbpedia.org/ontology/almaMater","http://dbpedia.org/resource/Massachusetts_Institute_of_Technology"
"1707","http://dbpedia.org/ontology/almaMater","http://dbpedia.org/resource/University_of_Oxford"
"1648","http://dbpedia.org/ontology/birthPlace","http://dbpedia.org/resource/Edinburgh"
"1608","http://dbpedia.org/ontology/birthPlace","http://dbpedia.org/resource/Oslo"
"1602","http://dbpedia.org/ontology/almaMater","http://dbpedia.org/resource/Princeton_University"
"1585","http://dbpedia.org/ontology/citizenship","http://dbpedia.org/resource/United_States"
"1578","http://dbpedia.org/ontology/residence","http://dbpedia.org/resource/United_States"
"1546","http://dbpedia.org/ontology/region","http://dbpedia.org/resource/Western_philosophy"
"1465","http://dbpedia.org/ontology/birthPlace","http://dbpedia.org/resource/Kingdom_of_Italy"
"1446","http://dbpedia.org/ontology/birthPlace","http://dbpedia.org/resource/Manchester"
"1385","http://dbpedia.org/ontology/birthPlace","http://dbpedia.org/resource/Bengal_Presidency"
"1341","http://dbpedia.org/ontology/birthPlace","http://dbpedia.org/resource/Kolkata"
"1329","http://dbpedia.org/ontology/nationality","http://dbpedia.org/resource/French_people"
"1283","http://dbpedia.org/ontology/nationality","http://dbpedia.org/resource/Norway"
"1254","http://dbpedia.org/ontology/birthPlace","http://dbpedia.org/resource/Athens"
"1173","http://dbpedia.org/ontology/deathPlace","http://dbpedia.org/resource/Boston"
"1079","http://dbpedia.org/ontology/award","http://dbpedia.org/resource/Fellow_of_the_Royal_Society"
"1073","http://dbpedia.org/ontology/deathPlace","http://dbpedia.org/resource/West_Germany"
"1068","http://dbpedia.org/ontology/academicDiscipline","http://dbpedia.org/resource/Chemistry"
"1054","http://dbpedia.org/ontology/deathPlace","http://dbpedia.org/resource/Vienna"
"1029","http://dbpedia.org/ontology/almaMater","http://dbpedia.org/resource/University_of_Edinburgh"
"952","http://dbpedia.org/ontology/almaMater","http://dbpedia.org/resource/University_of_California,_Los_Angeles"
"912","http://dbpedia.org/ontology/deathPlace","http://dbpedia.org/resource/Switzerland"
"902","http://dbpedia.org/ontology/deathPlace","http://dbpedia.org/resource/Illinois"
"880","http://dbpedia.org/ontology/deathPlace","http://dbpedia.org/resource/Munich"
"846","http://dbpedia.org/ontology/deathPlace","http://dbpedia.org/resource/Florida"
"815","http://dbpedia.org/ontology/nationality","http://dbpedia.org/resource/Germans"
"812","http://dbpedia.org/ontology/academicDiscipline","http://dbpedia.org/resource/Psychology"
"810","http://dbpedia.org/ontology/deathPlace","http://dbpedia.org/resource/Belgium"
"714","http://dbpedia.org/ontology/deathPlace","http://dbpedia.org/resource/Poland"
"712","http://dbpedia.org/ontology/birthPlace","http://dbpedia.org/resource/Brussels"
"711","http://dbpedia.org/ontology/birthPlace","http://dbpedia.org/resource/Kingdom_of_Prussia"
"675","http://dbpedia.org/ontology/academicDiscipline","http://dbpedia.org/resource/Medicine"
"669","http://dbpedia.org/ontology/birthPlace","http://dbpedia.org/resource/Austrian_Empire"
"653","http://dbpedia.org/ontology/deathPlace","http://dbpedia.org/resource/Austria"
"652","http://dbpedia.org/ontology/academicDiscipline","http://dbpedia.org/resource/Biochemistry"
"647","http://dbpedia.org/ontology/institution","http://dbpedia.org/resource/University_of_Cambridge"
"646","http://dbpedia.org/ontology/almaMater","http://dbpedia.org/resource/Johns_Hopkins_University"
"644","http://dbpedia.org/ontology/deathPlace","http://dbpedia.org/resource/Kolkata"
"642","http://dbpedia.org/ontology/deathPlace","http://dbpedia.org/resource/Edinburgh"
"640","http://dbpedia.org/ontology/birthPlace","http://dbpedia.org/resource/Jiangsu"
"604","http://dbpedia.org/ontology/deathPlace","http://dbpedia.org/resource/Amsterdam"
"595","http://dbpedia.org/ontology/almaMater","http://dbpedia.org/resource/University_of_Paris"
"581","http://dbpedia.org/ontology/nationality","http://dbpedia.org/resource/Greece"
"561","http://dbpedia.org/ontology/birthPlace","http://dbpedia.org/resource/Antwerp"
"555","http://dbpedia.org/ontology/deathPlace","http://dbpedia.org/resource/Helsinki"
"551","http://dbpedia.org/ontology/institution","http://dbpedia.org/resource/Massachusetts_Institute_of_Technology"
"549","http://dbpedia.org/ontology/birthPlace","http://dbpedia.org/resource/New_Haven,_Connecticut"
"546","http://dbpedia.org/ontology/institution","http://dbpedia.org/resource/Stanford_University"
"537","http://dbpedia.org/ontology/institution","http://dbpedia.org/resource/University_of_Oxford"
"512","http://dbpedia.org/ontology/deathPlace","http://dbpedia.org/resource/China"
"508","http://dbpedia.org/ontology/deathPlace","http://dbpedia.org/resource/Austria-Hungary"
"500","http://dbpedia.org/ontology/almaMater","http://dbpedia.org/resource/University_of_Glasgow"
"486","http://dbpedia.org/ontology/deathPlace","http://dbpedia.org/resource/Nazi_Germany"
"472","http://dbpedia.org/ontology/almaMater","http://dbpedia.org/resource/Humboldt_University_of_Berlin"
"470","http://dbpedia.org/ontology/deathPlace","http://dbpedia.org/resource/Wellington"
"462","http://dbpedia.org/ontology/deathPlace","http://dbpedia.org/resource/German_Empire"
"425","http://dbpedia.org/ontology/almaMater","http://dbpedia.org/resource/University_of_Vienna"
"417","http://dbpedia.org/ontology/institution","http://dbpedia.org/resource/Columbia_University"
"415","http://dbpedia.org/ontology/almaMater","http://dbpedia.org/resource/University_of_Calcutta"
"388","http://dbpedia.org/ontology/deathPlace","http://dbpedia.org/resource/Brussels"
"387","http://dbpedia.org/ontology/deathPlace","http://dbpedia.org/resource/Glasgow"
"381","http://dbpedia.org/ontology/deathPlace","http://dbpedia.org/resource/Cambridge"
"379","http://dbpedia.org/ontology/philosophicalSchool","http://dbpedia.org/resource/Continental_philosophy"
"377","http://dbpedia.org/ontology/birthPlace","http://dbpedia.org/resource/Cambridge,_Massachusetts"
"361","http://dbpedia.org/ontology/almaMater","http://dbpedia.org/resource/Leiden_University"
"354","http://dbpedia.org/ontology/institution","http://dbpedia.org/resource/University_of_Chicago"
"353","http://dbpedia.org/ontology/academicDiscipline","http://dbpedia.org/resource/Theoretical_physics"
"352","http://dbpedia.org/ontology/education","http://dbpedia.org/resource/Massachusetts_Institute_of_Technology"
"349","http://dbpedia.org/ontology/almaMater","http://dbpedia.org/resource/Ludwig_Maximilian_University_of_Munich"
"344","http://dbpedia.org/ontology/almaMater","http://dbpedia.org/resource/University_of_Göttingen"
"341","http://dbpedia.org/ontology/almaMater","http://dbpedia.org/resource/Syracuse_University"
"338","http://dbpedia.org/ontology/birthPlace","http://dbpedia.org/resource/Bordeaux"
"334","http://dbpedia.org/ontology/institution","http://dbpedia.org/resource/Yale_University"
"329","http://dbpedia.org/ontology/deathPlace","http://dbpedia.org/resource/Berkeley,_California"
"326","http://dbpedia.org/ontology/birthPlace","http://dbpedia.org/resource/German_Confederation"
"308","http://dbpedia.org/ontology/deathPlace","http://dbpedia.org/resource/Zürich"
"304","http://dbpedia.org/ontology/nationality","http://dbpedia.org/resource/Belgians"
"295","http://dbpedia.org/ontology/institution","http://dbpedia.org/resource/Imperial_College_London"
"295","http://dbpedia.org/ontology/institution","http://dbpedia.org/resource/University_College_London"
"292","http://dbpedia.org/ontology/academicDiscipline","http://dbpedia.org/resource/Physicist"
"287","http://dbpedia.org/ontology/award","http://dbpedia.org/resource/National_Medal_of_Science"
"276","http://dbpedia.org/ontology/award","http://dbpedia.org/resource/Royal_Medal"
"271","http://dbpedia.org/ontology/academicDiscipline","http://dbpedia.org/resource/Physiology"
"268","http://dbpedia.org/ontology/birthPlace","http://dbpedia.org/resource/Isfahan"
"267","http://dbpedia.org/ontology/almaMater","http://dbpedia.org/resource/University_of_Missouri"
"267","http://dbpedia.org/ontology/academicDiscipline","http://dbpedia.org/resource/Mathematician"
"254","http://dbpedia.org/ontology/deathPlace","http://dbpedia.org/resource/Minnesota"
"245","http://dbpedia.org/ontology/influencedBy","http://dbpedia.org/resource/Immanuel_Kant"
"230","http://dbpedia.org/ontology/almaMater","http://dbpedia.org/resource/Yale_College"
"230","http://dbpedia.org/ontology/institution","http://dbpedia.org/resource/University_of_Pennsylvania"
"227","http://dbpedia.org/ontology/residence","http://dbpedia.org/resource/France"
"224","http://dbpedia.org/ontology/citizenship","http://dbpedia.org/resource/Germany"
"209","http://dbpedia.org/ontology/almaMater","http://dbpedia.org/resource/École_Polytechnique"
"206","http://dbpedia.org/ontology/academicDiscipline","http://dbpedia.org/resource/Engineering"
"200","http://dbpedia.org/ontology/almaMater","http://dbpedia.org/resource/Temple_University"
"199","http://dbpedia.org/ontology/birthPlace","http://dbpedia.org/resource/Shanxi"
"198","http://dbpedia.org/ontology/nationality","http://dbpedia.org/resource/Austrians"
"194","http://dbpedia.org/ontology/deathPlace","http://dbpedia.org/resource/Shanghai"
"190","http://dbpedia.org/ontology/award","http://dbpedia.org/resource/Copley_Medal"
"190","http://dbpedia.org/ontology/award","http://dbpedia.org/resource/Nobel_Prize_in_Physics"
"189","http://dbpedia.org/ontology/almaMater","http://dbpedia.org/resource/University_of_California,_San_Diego"
"187","http://dbpedia.org/ontology/birthPlace","http://dbpedia.org/resource/Leiden"
"178","http://dbpedia.org/ontology/almaMater","http://dbpedia.org/resource/Case_Western_Reserve_University"
"178","http://dbpedia.org/ontology/academicDiscipline","http://dbpedia.org/resource/Physical_chemistry"
"177","http://dbpedia.org/ontology/deathPlace","http://dbpedia.org/resource/Saint_Paul,_Minnesota"
"174","http://dbpedia.org/ontology/almaMater","http://dbpedia.org/resource/Brooklyn_College"
"170","http://dbpedia.org/ontology/birthPlace","http://dbpedia.org/resource/Augsburg"
"168","http://dbpedia.org/ontology/birthPlace","http://dbpedia.org/resource/Salford"
"168","http://dbpedia.org/ontology/institution","http://dbpedia.org/resource/University_of_Texas_at_Austin"
"165","http://dbpedia.org/ontology/almaMater","http://dbpedia.org/resource/University_of_Canterbury"
"158","http://dbpedia.org/ontology/mainInterest","http://dbpedia.org/resource/Philosophy_of_science"
"156","http://dbpedia.org/ontology/award","http://dbpedia.org/resource/Nobel_Prize_in_Chemistry"
"154","http://dbpedia.org/ontology/birthPlace","http://dbpedia.org/resource/Nancy,_France"
"149","http://dbpedia.org/ontology/deathPlace","http://dbpedia.org/resource/Cheshire"
"143","http://dbpedia.org/ontology/institution","http://dbpedia.org/resource/University_of_Maryland,_College_Park"
"140","http://dbpedia.org/ontology/almaMater","http://dbpedia.org/resource/Catholic_University_of_America"
"138","http://dbpedia.org/ontology/almaMater","http://dbpedia.org/resource/University_of_Zurich"
"137","http://dbpedia.org/ontology/almaMater","http://dbpedia.org/resource/Gonville_and_Caius_College,_Cambridge"
"137","http://dbpedia.org/ontology/birthPlace","http://dbpedia.org/resource/Wilkes-Barre,_Pennsylvania"
"137","http://dbpedia.org/ontology/almaMater","http://dbpedia.org/resource/University_of_Connecticut"
"136","http://dbpedia.org/ontology/birthPlace","http://dbpedia.org/resource/Morristown,_New_Jersey"
"135","http://dbpedia.org/ontology/deathPlace","http://dbpedia.org/resource/Kingdom_of_Prussia"
"135","http://dbpedia.org/ontology/era","http://dbpedia.org/resource/19th-century_philosophy"
"134","http://dbpedia.org/ontology/award","http://dbpedia.org/resource/Israel_Prize"
"132","http://dbpedia.org/ontology/deathPlace","http://dbpedia.org/resource/Bonn"
"131","http://dbpedia.org/ontology/residence","http://dbpedia.org/resource/Massachusetts"
"125","http://dbpedia.org/ontology/award","http://dbpedia.org/resource/Padma_Vibhushan"
"125","http://dbpedia.org/ontology/birthPlace","http://dbpedia.org/resource/Potsdam"
"124","http://dbpedia.org/ontology/award","http://dbpedia.org/resource/Humboldt_Prize"
"124","http://dbpedia.org/ontology/birthPlace","http://dbpedia.org/resource/Galați"
"113","http://dbpedia.org/ontology/institution","http://dbpedia.org/resource/King's_College_London"
"113","http://dbpedia.org/ontology/birthPlace","http://dbpedia.org/resource/Aachen"
"109","http://dbpedia.org/ontology/institution","http://dbpedia.org/resource/Institute_for_Advanced_Study"
"105","http://dbpedia.org/ontology/institution","http://dbpedia.org/resource/Rutgers_University"
"103","http://dbpedia.org/ontology/academicDiscipline","http://dbpedia.org/resource/Mechanical_engineering"
"103","http://dbpedia.org/ontology/institution","http://dbpedia.org/resource/ETH_Zurich"
"101","http://dbpedia.org/ontology/academicDiscipline","http://dbpedia.org/resource/Mathematical_physics"
"100","http://dbpedia.org/ontology/almaMater","http://dbpedia.org/resource/Oregon_State_University"
"98","http://dbpedia.org/ontology/institution","http://dbpedia.org/resource/University_of_Glasgow"
"97","http://dbpedia.org/ontology/award","http://dbpedia.org/resource/Elliott_Cresson_Medal"
"93","http://dbpedia.org/ontology/award","http://dbpedia.org/resource/Davy_Medal"
"91","http://dbpedia.org/ontology/restingPlace","http://dbpedia.org/resource/Paris"
"89","http://dbpedia.org/ontology/deathPlace","http://dbpedia.org/resource/Reading,_Berkshire"
"87","http://dbpedia.org/ontology/deathCause","http://dbpedia.org/resource/Suicide_methods"
"86","http://dbpedia.org/ontology/almaMater","http://dbpedia.org/resource/Université_libre_de_Bruxelles"
"83","http://dbpedia.org/ontology/award","http://dbpedia.org/resource/Franklin_Institute_Awards"
"83","http://dbpedia.org/ontology/award","http://dbpedia.org/resource/Gold_Medal_of_the_Royal_Astronomical_Society"
"79","http://dbpedia.org/ontology/award","http://dbpedia.org/resource/Fellowship_of_the_Royal_Society_of_Edinburgh"
"79","http://dbpedia.org/ontology/birthPlace","http://dbpedia.org/resource/Weymouth,_Massachusetts"
"75","http://dbpedia.org/ontology/almaMater","http://dbpedia.org/resource/Peterhouse,_Cambridge"
"73","http://dbpedia.org/ontology/academicDiscipline","http://dbpedia.org/resource/Fluid_dynamics"
"72","http://dbpedia.org/ontology/award","http://dbpedia.org/resource/Hughes_Medal"
"72","http://dbpedia.org/ontology/deathPlace","http://dbpedia.org/resource/Trieste"
"70","http://dbpedia.org/ontology/birthPlace","http://dbpedia.org/resource/Province_of_Brandenburg"
"69","http://dbpedia.org/ontology/almaMater","http://dbpedia.org/resource/University_of_Würzburg"
"69","http://dbpedia.org/ontology/institution","http://dbpedia.org/resource/Humboldt_University_of_Berlin"
"69","http://dbpedia.org/ontology/citizenship","http://dbpedia.org/resource/Switzerland"
"68","http://dbpedia.org/ontology/award","http://dbpedia.org/resource/Fellow_of_the_American_Association_for_the_Advancement_of_Science"
"67","http://dbpedia.org/ontology/award","http://dbpedia.org/resource/Rumford_Medal"
"65","http://dbpedia.org/ontology/academicDiscipline","http://dbpedia.org/resource/Civil_engineering"
"62","http://dbpedia.org/ontology/institution","http://dbpedia.org/resource/Leiden_University"
"62","http://dbpedia.org/ontology/award","http://dbpedia.org/resource/Albert_Medal_(Royal_Society_of_Arts)"
"61","http://dbpedia.org/ontology/institution","http://dbpedia.org/resource/University_of_Amsterdam"
"61","http://dbpedia.org/ontology/award","http://dbpedia.org/resource/Smith's_Prize"
"60","http://dbpedia.org/ontology/academicDiscipline","http://dbpedia.org/resource/Operations_research"
"59","http://dbpedia.org/ontology/almaMater","http://dbpedia.org/resource/University_of_Graz"
"59","http://dbpedia.org/ontology/almaMater","http://dbpedia.org/resource/New_York_University_Tandon_School_of_Engineering"
"58","http://dbpedia.org/ontology/institution","http://dbpedia.org/resource/University_of_Zurich"
"57","http://dbpedia.org/ontology/institution","http://dbpedia.org/resource/University_of_Göttingen"
"57","http://dbpedia.org/ontology/residence","http://dbpedia.org/resource/Belgium"
"56","http://dbpedia.org/ontology/institution","http://dbpedia.org/resource/University_of_Canterbury"
"55","http://dbpedia.org/ontology/almaMater","http://dbpedia.org/resource/National_Technical_University_of_Athens"
"53","http://dbpedia.org/ontology/institution","http://dbpedia.org/resource/University_of_Paris"
"53","http://dbpedia.org/ontology/institution","http://dbpedia.org/resource/University_of_Copenhagen"
"53","http://dbpedia.org/ontology/deathPlace","http://dbpedia.org/resource/Coral_Gables,_Florida"
"52","http://dbpedia.org/ontology/birthPlace","http://dbpedia.org/resource/Province_of_Pomerania_(1815–1945)"
"52","http://dbpedia.org/ontology/almaMater","http://dbpedia.org/resource/Illinois_Institute_of_Technology"
"52","http://dbpedia.org/ontology/award","http://dbpedia.org/resource/Bruce_Medal"
"51","http://dbpedia.org/ontology/award","http://dbpedia.org/resource/Willard_Gibbs_Award"
"50","http://dbpedia.org/ontology/birthPlace","http://dbpedia.org/resource/Wuxi"
"49","http://dbpedia.org/ontology/award","http://dbpedia.org/resource/Franklin_Medal"
"48","http://dbpedia.org/ontology/deathPlace","http://dbpedia.org/resource/McLean,_Virginia"
"47","http://dbpedia.org/ontology/deathPlace","http://dbpedia.org/resource/Prussia"
"47","http://dbpedia.org/ontology/award","http://dbpedia.org/resource/Max_Planck_Medal"
"46","http://dbpedia.org/ontology/award","http://dbpedia.org/resource/Adams_Prize"
"46","http://dbpedia.org/ontology/institution","http://dbpedia.org/resource/Sapienza_University_of_Rome"
"45","http://dbpedia.org/ontology/birthPlace","http://dbpedia.org/resource/Koszalin"
"44","http://dbpedia.org/ontology/influencedBy","http://dbpedia.org/resource/Henri_Bergson"
"44","http://dbpedia.org/ontology/almaMater","http://dbpedia.org/resource/Scuola_Normale_Superiore_di_Pisa"
"43","http://dbpedia.org/ontology/institution","http://dbpedia.org/resource/University_of_Aberdeen"
"42","http://dbpedia.org/ontology/citizenship","http://dbpedia.org/resource/China"
"42","http://dbpedia.org/ontology/award","http://dbpedia.org/resource/Matteucci_Medal"
"41","http://dbpedia.org/ontology/award","http://dbpedia.org/resource/Wolf_Prize_in_Physics"
"40","http://dbpedia.org/ontology/institution","http://dbpedia.org/resource/University_of_Reading"
"39","http://dbpedia.org/ontology/almaMater","http://dbpedia.org/resource/Stevens_Institute_of_Technology"
"39","http://dbpedia.org/ontology/deathPlace","http://dbpedia.org/resource/Province_of_Brandenburg"
"39","http://dbpedia.org/ontology/institution","http://dbpedia.org/resource/Leipzig_University"
"37","http://dbpedia.org/ontology/award","http://dbpedia.org/resource/Medal_for_Merit"
"37","http://dbpedia.org/ontology/award","http://dbpedia.org/resource/John_Fritz_Medal"
"35","http://dbpedia.org/ontology/academicDiscipline","http://dbpedia.org/resource/Game_theory"
"34","http://dbpedia.org/ontology/citizenship","http://dbpedia.org/resource/Austria"
"34","http://dbpedia.org/ontology/award","http://dbpedia.org/resource/Sylvester_Medal"
"34","http://dbpedia.org/ontology/almaMater","http://dbpedia.org/resource/Shanghai_Jiao_Tong_University"
"34","http://dbpedia.org/ontology/institution","http://dbpedia.org/resource/University_of_Hamburg"
"33","http://dbpedia.org/ontology/academicDiscipline","http://dbpedia.org/resource/Thermodynamics"
"33","http://dbpedia.org/ontology/birthPlace","http://dbpedia.org/resource/Burgundy"
"31","http://dbpedia.org/ontology/influencedBy","http://dbpedia.org/resource/Johann_Gottlieb_Fichte"
"31","http://dbpedia.org/ontology/academicDiscipline","http://dbpedia.org/resource/Mathematical_optimization"
"31","http://dbpedia.org/ontology/birthPlace","http://dbpedia.org/resource/Meurthe-et-Moselle"
"29","http://dbpedia.org/ontology/award","http://dbpedia.org/resource/Hector_Medal"
"28","http://dbpedia.org/ontology/almaMater","http://dbpedia.org/resource/Norwegian_University_of_Science_and_Technology"
"26","http://dbpedia.org/ontology/influencedBy","http://dbpedia.org/resource/Carl_Jung"
"26","http://dbpedia.org/ontology/academicDiscipline","http://dbpedia.org/resource/Combustion"
"26","http://dbpedia.org/ontology/citizenship","http://dbpedia.org/resource/Greece"
"24","http://dbpedia.org/ontology/academicDiscipline","http://dbpedia.org/resource/Statistical_mechanics"
"24","http://dbpedia.org/ontology/influencedBy","http://dbpedia.org/resource/Isaac_Newton"
"24","http://dbpedia.org/ontology/restingPlace","http://dbpedia.org/resource/Panthéon"
"23","http://dbpedia.org/ontology/birthPlace","http://dbpedia.org/resource/Pullman,_Washington"
"23","http://dbpedia.org/ontology/residence","http://dbpedia.org/resource/Gainesville,_Florida"
"22","http://dbpedia.org/ontology/birthPlace","http://dbpedia.org/resource/Dalkeith"
"22","http://dbpedia.org/ontology/almaMater","http://dbpedia.org/resource/Free_University_of_Brussels_(1834–1969)"
"22","http://dbpedia.org/ontology/influenced","http://dbpedia.org/resource/Gilles_Deleuze"
"21","http://dbpedia.org/ontology/award","http://dbpedia.org/resource/Henri_Poincaré_Prize"
"21","http://dbpedia.org/ontology/institution","http://dbpedia.org/resource/Université_libre_de_Bruxelles"
"20","http://dbpedia.org/ontology/institution","http://dbpedia.org/resource/University_of_Wrocław"
"20","http://dbpedia.org/ontology/knownFor","http://dbpedia.org/resource/Topology"
"19","http://dbpedia.org/ontology/influencedBy","http://dbpedia.org/resource/Albert_Einstein"
"19","http://dbpedia.org/ontology/award","http://dbpedia.org/resource/Peter_Debye_Award"
"19","http://dbpedia.org/ontology/influencedBy","http://dbpedia.org/resource/Blaise_Pascal"
"18","http://dbpedia.org/ontology/deathPlace","http://dbpedia.org/resource/Magdeburg"
"18","http://dbpedia.org/ontology/almaMater","http://dbpedia.org/resource/Collège_de_France"
"18","http://dbpedia.org/ontology/knownFor","http://dbpedia.org/resource/Statistical_mechanics"
"18","http://dbpedia.org/ontology/award","http://dbpedia.org/resource/Boltzmann_Medal"
"18","http://dbpedia.org/ontology/knownFor","http://dbpedia.org/resource/Dynamical_system"
"17","http://dbpedia.org/ontology/almaMater","http://dbpedia.org/resource/Xi'an_Jiaotong_University"
"17","http://dbpedia.org/ontology/institution","http://dbpedia.org/resource/University_of_Florence"
"17","http://dbpedia.org/ontology/influenced","http://dbpedia.org/resource/Carl_Jung"
"17","http://dbpedia.org/ontology/deathPlace","http://dbpedia.org/resource/Charlottenburg"
"16","http://dbpedia.org/ontology/award","http://dbpedia.org/resource/Lorentz_Medal"
"16","http://dbpedia.org/ontology/award","http://dbpedia.org/resource/American_Society_of_Mechanical_Engineers"
"16","http://dbpedia.org/ontology/institution","http://dbpedia.org/resource/Scuola_Normale_Superiore_di_Pisa"
"15","http://dbpedia.org/ontology/academicDiscipline","http://dbpedia.org/resource/Energy"
"15","http://dbpedia.org/ontology/profession","http://dbpedia.org/resource/Mathematician"
"15","http://dbpedia.org/ontology/influencedBy","http://dbpedia.org/resource/Ernst_Mach"
"15","http://dbpedia.org/ontology/academicDiscipline","http://dbpedia.org/resource/Chemical_engineer"
"15","http://dbpedia.org/ontology/doctoralAdvisor","http://dbpedia.org/resource/John_Archibald_Wheeler"
"15","http://dbpedia.org/ontology/knownFor","http://dbpedia.org/resource/Chaos_theory"
"15","http://dbpedia.org/ontology/knownFor","http://dbpedia.org/resource/Phase_transition"
"15","http://dbpedia.org/ontology/award","http://dbpedia.org/resource/Keith_Medal"
"14","http://dbpedia.org/ontology/institution","http://dbpedia.org/resource/University_of_Graz"
"13","http://dbpedia.org/ontology/award","http://dbpedia.org/resource/Rumford_Prize"
"13","http://dbpedia.org/ontology/knownFor","http://dbpedia.org/resource/Neutrino"
"13","http://dbpedia.org/ontology/deathPlace","http://dbpedia.org/resource/Lincoln,_Massachusetts"
"12","http://dbpedia.org/ontology/academicDiscipline","http://dbpedia.org/resource/Calculus_of_variations"
"12","http://dbpedia.org/ontology/knownFor","http://dbpedia.org/resource/Gravitational_wave"
"12","http://dbpedia.org/ontology/influencedBy","http://dbpedia.org/resource/Hermann_Lotze"
"12","http://dbpedia.org/ontology/award","http://dbpedia.org/resource/Barnard_Medal_for_Meritorious_Service_to_Science"
"12","http://dbpedia.org/ontology/knownFor","http://dbpedia.org/resource/Liquid_crystal"
"12","http://dbpedia.org/ontology/academicDiscipline","http://dbpedia.org/resource/Heat_transfer"
"12","http://dbpedia.org/ontology/doctoralAdvisor","http://dbpedia.org/resource/Arnold_Sommerfeld"
"12","http://dbpedia.org/ontology/influenced","http://dbpedia.org/resource/Ludwig_Wittgenstein"
"11","http://dbpedia.org/ontology/deathPlace","http://dbpedia.org/resource/Sale,_Greater_Manchester"
"11","http://dbpedia.org/ontology/knownFor","http://dbpedia.org/resource/Thermodynamics"
"11","http://dbpedia.org/ontology/influenced","http://dbpedia.org/resource/Thomas_Kuhn"
"11","http://dbpedia.org/ontology/citizenship","http://dbpedia.org/resource/Irish_nationality_law"
"11","http://dbpedia.org/ontology/institution","http://dbpedia.org/resource/Ghent_University"
"11","http://dbpedia.org/ontology/academicDiscipline","http://dbpedia.org/resource/Molecular_physics"
"11","http://dbpedia.org/ontology/knownFor","http://dbpedia.org/resource/Bose–Einstein_condensate"
"11","http://dbpedia.org/ontology/institution","http://dbpedia.org/resource/Shanghai_Jiao_Tong_University"
"11","http://dbpedia.org/ontology/award","http://dbpedia.org/resource/Comstock_Prize_in_Physics"
"10","http://dbpedia.org/ontology/deathPlace","http://dbpedia.org/resource/Merion_Station,_Pennsylvania"
"10","http://dbpedia.org/ontology/mainInterest","http://dbpedia.org/resource/History_of_science"
"10","http://dbpedia.org/ontology/academicDiscipline","http://dbpedia.org/resource/Complex_analysis"
"10","http://dbpedia.org/ontology/almaMater","http://dbpedia.org/resource/University_of_Augsburg"
"10","http://dbpedia.org/ontology/influenced","http://dbpedia.org/resource/Albert_Einstein"
"10","http://dbpedia.org/ontology/institution","http://dbpedia.org/resource/Yeshiva_University"
"10","http://dbpedia.org/ontology/influencedBy","http://dbpedia.org/resource/Alan_Turing"
"9","http://dbpedia.org/ontology/institution","http://dbpedia.org/resource/University_of_Maryland,_Baltimore_County"
"9","http://dbpedia.org/ontology/knownFor","http://dbpedia.org/resource/Control_theory"
"9","http://dbpedia.org/ontology/institution","http://dbpedia.org/resource/Dublin_Institute_for_Advanced_Studies"
"9","http://dbpedia.org/ontology/philosophicalSchool","http://dbpedia.org/resource/French_philosophy"
"8","http://dbpedia.org/ontology/academicAdvisor","http://dbpedia.org/resource/William_Hopkins"
"8","http://dbpedia.org/ontology/award","http://dbpedia.org/resource/Einstein_Prize_(APS)"
"8","http://dbpedia.org/ontology/knownFor","http://dbpedia.org/resource/Special_relativity"
"8","http://dbpedia.org/ontology/birthPlace","http://dbpedia.org/resource/Wąbrzeźno"
"8","http://dbpedia.org/ontology/deathPlace","http://dbpedia.org/resource/Rhine_Province"
"8","http://dbpedia.org/ontology/knownFor","http://dbpedia.org/resource/Statistical_physics"
"7","http://dbpedia.org/ontology/award","http://dbpedia.org/resource/Bingham_Medal"
"7","http://dbpedia.org/ontology/party","http://dbpedia.org/resource/The_Plain"
"7","http://dbpedia.org/ontology/academicDiscipline","http://dbpedia.org/resource/Real_analysis"
"7","http://dbpedia.org/ontology/academicDiscipline","http://dbpedia.org/resource/Theoretical_ecology"
"7","http://dbpedia.org/ontology/knownFor","http://dbpedia.org/resource/Quantum_entanglement"
"7","http://dbpedia.org/ontology/academicAdvisor","http://dbpedia.org/resource/Hermann_von_Helmholtz"
"6","http://dbpedia.org/ontology/influenced","http://dbpedia.org/resource/Immanuel_Wallerstein"
"6","http://dbpedia.org/ontology/institution","http://dbpedia.org/resource/Stevens_Institute_of_Technology"
"6","http://dbpedia.org/ontology/influencedBy","http://dbpedia.org/resource/Justus_von_Liebig"
"6","http://dbpedia.org/ontology/knownFor","http://dbpedia.org/resource/Gauge_fixing"
"6","http://dbpedia.org/ontology/doctoralAdvisor","http://dbpedia.org/resource/Johannes_Peter_Müller"
"5","http://dbpedia.org/ontology/academicAdvisor","http://dbpedia.org/resource/Max_Born"
"5","http://dbpedia.org/ontology/influenced","http://dbpedia.org/resource/William_Thomson,_1st_Baron_Kelvin"
"5","http://dbpedia.org/ontology/institution","http://dbpedia.org/resource/University_of_Caen_Normandy"
"5","http://dbpedia.org/ontology/institution","http://dbpedia.org/resource/Marischal_College"
"5","http://dbpedia.org/ontology/doctoralAdvisor","http://dbpedia.org/resource/Theodore_William_Richards"
"5","http://dbpedia.org/ontology/doctoralAdvisor","http://dbpedia.org/resource/Charles_Hermite"
"5","http://dbpedia.org/ontology/influenced","http://dbpedia.org/resource/Isabelle_Stengers"
"5","http://dbpedia.org/ontology/influencedBy","http://dbpedia.org/resource/Ludwig_Boltzmann"
"5","http://dbpedia.org/ontology/doctoralAdvisor","http://dbpedia.org/resource/Peter_Bergmann"
"5","http://dbpedia.org/ontology/knownFor","http://dbpedia.org/resource/Uncertainty_principle"
"4","http://dbpedia.org/ontology/award","http://dbpedia.org/resource/Grande_Médaille"
"4","http://dbpedia.org/ontology/knownFor","http://dbpedia.org/resource/Non-equilibrium_thermodynamics"
"4","http://dbpedia.org/ontology/occupation","http://dbpedia.org/resource/Duke_University"
"4","http://dbpedia.org/ontology/award","http://dbpedia.org/resource/Bolyai_Prize"
"4","http://dbpedia.org/ontology/knownFor","http://dbpedia.org/resource/Knot_theory"
"4","http://dbpedia.org/ontology/knownFor","http://dbpedia.org/resource/Black_hole_thermodynamics"
"4","http://dbpedia.org/ontology/institution","http://dbpedia.org/resource/3M"
"4","http://dbpedia.org/ontology/academicAdvisor","http://dbpedia.org/resource/Jagadish_Chandra_Bose"
"4","http://dbpedia.org/ontology/academicAdvisor","http://dbpedia.org/resource/Gustav_Kirchhoff"
"4","http://dbpedia.org/ontology/influenced","http://dbpedia.org/resource/Pierre_Duhem"
"4","http://dbpedia.org/ontology/knownFor","http://dbpedia.org/resource/Coherent_state"
"4","http://dbpedia.org/ontology/knownFor","http://dbpedia.org/resource/Automorphic_form"
"4","http://dbpedia.org/ontology/award","http://dbpedia.org/resource/Office_of_Naval_Research"
"4","http://dbpedia.org/ontology/knownFor","http://dbpedia.org/resource/Equation_of_state"
"4","http://dbpedia.org/ontology/knownFor","http://dbpedia.org/resource/Homological_algebra"
"4","http://dbpedia.org/ontology/notableStudent","http://dbpedia.org/resource/Yang_Chen-Ning"
"4","http://dbpedia.org/ontology/residence","http://dbpedia.org/resource/Belmont,_Massachusetts"
"4","http://dbpedia.org/ontology/academicAdvisor","http://dbpedia.org/resource/Ludwig_Boltzmann"
"4","http://dbpedia.org/ontology/influenced","http://dbpedia.org/resource/Félix_Guattari"
"4","http://dbpedia.org/ontology/influencedBy","http://dbpedia.org/resource/James_Clerk_Maxwell"
"4","http://dbpedia.org/ontology/knownFor","http://dbpedia.org/resource/Massive_gravity"
"3","http://dbpedia.org/ontology/knownFor","http://dbpedia.org/resource/Heat_transfer"
"3","http://dbpedia.org/ontology/knownFor","http://dbpedia.org/resource/Double_layer_(surface_science)"
"3","http://dbpedia.org/ontology/doctoralAdvisor","http://dbpedia.org/resource/Josef_Stefan"
"3","http://dbpedia.org/ontology/knownFor","http://dbpedia.org/resource/Physical_optics"
"3","http://dbpedia.org/ontology/academicAdvisor","http://dbpedia.org/resource/Paul_Ehrenfest"
"3","http://dbpedia.org/ontology/influencedBy","http://dbpedia.org/resource/Rudolf_Clausius"
"3","http://dbpedia.org/ontology/academicDiscipline","http://dbpedia.org/resource/Desalination"
"3","http://dbpedia.org/ontology/academicDiscipline","http://dbpedia.org/resource/Measure_(mathematics)"
"3","http://dbpedia.org/ontology/influencedBy","http://dbpedia.org/resource/Josiah_Willard_Gibbs"
"3","http://dbpedia.org/ontology/knownFor","http://dbpedia.org/resource/Second_law_of_thermodynamics"
"3","http://dbpedia.org/ontology/institution","http://dbpedia.org/resource/Free_University_of_Brussels_(1834–1969)"
"3","http://dbpedia.org/ontology/knownFor","http://dbpedia.org/resource/Chemical_thermodynamics"
"3","http://dbpedia.org/ontology/institution","http://dbpedia.org/resource/Montreal_Laboratory"
"3","http://dbpedia.org/ontology/knownFor","http://dbpedia.org/resource/Clausius–Mossotti_relation"
"3","http://dbpedia.org/ontology/knownFor","http://dbpedia.org/resource/Quantum_speed_limit"
"3","http://dbpedia.org/ontology/doctoralAdvisor","http://dbpedia.org/resource/Hubert_Anson_Newton"
"3","http://dbpedia.org/ontology/knownFor","http://dbpedia.org/resource/Quantum_biology"
"3","http://dbpedia.org/ontology/doctoralAdvisor","http://dbpedia.org/resource/Pieter_Rijke"
"3","http://dbpedia.org/ontology/knownFor","http://dbpedia.org/resource/Entropy"
"3","http://dbpedia.org/ontology/knownFor","http://dbpedia.org/resource/Exchange_interaction"
"3","http://dbpedia.org/ontology/doctoralAdvisor","http://dbpedia.org/resource/Friedrich_Hasenöhrl"
"3","http://dbpedia.org/ontology/birthPlace","http://dbpedia.org/resource/Xiaoyi"
"3","http://dbpedia.org/ontology/academicAdvisor","http://dbpedia.org/resource/William_Cullen"
"3","http://dbpedia.org/ontology/knownFor","http://dbpedia.org/resource/Schrödinger–HJW_theorem"
"3","http://dbpedia.org/ontology/birthPlace","http://dbpedia.org/resource/Nolay,_Côte-d'Or"
"3","http://dbpedia.org/ontology/award","http://dbpedia.org/resource/Max_Jakob_Memorial_Award"
"3","http://dbpedia.org/ontology/doctoralStudent","http://dbpedia.org/resource/Mihailo_Petrović_Alas"
"3","http://dbpedia.org/ontology/institution","http://dbpedia.org/resource/Xi'an_Jiaotong_University"
"3","http://dbpedia.org/ontology/academicAdvisor","http://dbpedia.org/resource/Prafulla_Chandra_Ray"
"3","http://dbpedia.org/ontology/academicDiscipline","http://dbpedia.org/resource/Quantum_thermodynamics"
"3","http://dbpedia.org/ontology/knownFor","http://dbpedia.org/resource/Fluctuation-dissipation_theorem"
"3","http://dbpedia.org/ontology/knownFor","http://dbpedia.org/resource/Phase_space"
"3","http://dbpedia.org/ontology/knownFor","http://dbpedia.org/resource/Hairy_ball_theorem"
"2","http://dbpedia.org/ontology/award","http://dbpedia.org/resource/Ilya_Prigogine"
"2","http://dbpedia.org/ontology/influenced","http://dbpedia.org/resource/Willem_Hendrik_Keesom"
"2","http://dbpedia.org/ontology/knownFor","http://dbpedia.org/resource/Kelvin's_circulation_theorem"
"2","http://dbpedia.org/ontology/knownFor","http://dbpedia.org/resource/Zitterbewegung"
"2","http://dbpedia.org/ontology/knownFor","http://dbpedia.org/resource/Fermion"
"2","http://dbpedia.org/ontology/knownFor","http://dbpedia.org/resource/Clausius–Clapeyron_relation"
"2","http://dbpedia.org/ontology/knownFor","http://dbpedia.org/resource/Stefan–Boltzmann_law"
"2","http://dbpedia.org/ontology/knownFor","http://dbpedia.org/resource/Poincaré–Lindstedt_method"
"2","http://dbpedia.org/ontology/knownFor","http://dbpedia.org/resource/Gibbs_measure"
"2","http://dbpedia.org/ontology/knownFor","http://dbpedia.org/resource/Aufbau_principle"
"2","http://dbpedia.org/ontology/knownFor","http://dbpedia.org/resource/Principle_of_maximum_work"
"2","http://dbpedia.org/ontology/knownFor","http://dbpedia.org/resource/Møller–Plesset_perturbation_theory"
"2","http://dbpedia.org/ontology/doctoralStudent","http://dbpedia.org/resource/Glenn_T._Seaborg"
"2","http://dbpedia.org/ontology/notableStudent","http://dbpedia.org/resource/Jack_Steinberger"
"2","http://dbpedia.org/ontology/influencedBy","http://dbpedia.org/resource/Michel_Serres"
"2","http://dbpedia.org/ontology/influencedBy","http://dbpedia.org/resource/Hu_Shih"
"2","http://dbpedia.org/ontology/influencedBy","http://dbpedia.org/resource/Michael_Faraday"
"2","http://dbpedia.org/ontology/knownFor","http://dbpedia.org/resource/Three-body_problem"
"2","http://dbpedia.org/ontology/knownFor","http://dbpedia.org/resource/Specific_heat_capacity"
"2","http://dbpedia.org/ontology/knownFor","http://dbpedia.org/resource/Keratometer"
"2","http://dbpedia.org/ontology/knownFor","http://dbpedia.org/resource/Quantum_steering"
"2","http://dbpedia.org/ontology/institution","http://dbpedia.org/resource/Yale_College"
"2","http://dbpedia.org/ontology/influenced","http://dbpedia.org/resource/Cryogenics"
"2","http://dbpedia.org/ontology/influenced","http://dbpedia.org/resource/Ralph_Kronig"
"2","http://dbpedia.org/ontology/knownFor","http://dbpedia.org/resource/Young–Helmholtz_theory"
"2","http://dbpedia.org/ontology/knownFor","http://dbpedia.org/resource/Maxwell–Stefan_diffusion"
"2","http://dbpedia.org/ontology/knownFor","http://dbpedia.org/resource/Maxwell's_thermodynamic_surface"
"2","http://dbpedia.org/ontology/knownFor","http://dbpedia.org/resource/Maxwell–Boltzmann_distribution"
"2","http://dbpedia.org/ontology/knownFor","http://dbpedia.org/resource/Van_der_Waals_force"
"2","http://dbpedia.org/ontology/knownFor","http://dbpedia.org/resource/CPT_symmetry"
"2","http://dbpedia.org/ontology/knownFor","http://dbpedia.org/resource/Quantum_thermodynamics"
"2","http://dbpedia.org/ontology/knownFor","http://dbpedia.org/resource/Boson"
"2","http://dbpedia.org/ontology/knownFor","http://dbpedia.org/resource/Stress_functions"
"2","http://dbpedia.org/ontology/doctoralStudent","http://dbpedia.org/resource/Hermann_Boerner"
"2","http://dbpedia.org/ontology/notableIdea","http://dbpedia.org/resource/Confirmation_holism"
"2","http://dbpedia.org/ontology/notableIdea","http://dbpedia.org/resource/Duhem–Quine_thesis"
"2","http://dbpedia.org/ontology/notableStudent","http://dbpedia.org/resource/Sigurd_Zienau"
"2","http://dbpedia.org/ontology/deathPlace","http://dbpedia.org/resource/Randolph,_New_Hampshire"
"2","http://dbpedia.org/ontology/knownFor","http://dbpedia.org/resource/Bifurcation_theory"
"2","http://dbpedia.org/ontology/knownFor","http://dbpedia.org/resource/Interpretations_of_quantum_mechanics"
"2","http://dbpedia.org/ontology/knownFor","http://dbpedia.org/resource/Poincaré_conjecture"
"2","http://dbpedia.org/ontology/knownFor","http://dbpedia.org/resource/Betti_number"
"2","http://dbpedia.org/ontology/knownFor","http://dbpedia.org/resource/Negentropy"
"2","http://dbpedia.org/ontology/knownFor","http://dbpedia.org/resource/H-theorem"
"2","http://dbpedia.org/ontology/doctoralAdvisor","http://dbpedia.org/resource/Friedrich_Kohlrausch_(physicist)"
"2","http://dbpedia.org/ontology/doctoralStudent","http://dbpedia.org/resource/Sam_Treiman"
"2","http://dbpedia.org/ontology/doctoralStudent","http://dbpedia.org/resource/Gustav_Herglotz"
"2","http://dbpedia.org/ontology/doctoralStudent","http://dbpedia.org/resource/Nicholas_Kemmer"
"2","http://dbpedia.org/ontology/influenced","http://dbpedia.org/resource/Werner_Heisenberg"
"2","http://dbpedia.org/ontology/knownFor","http://dbpedia.org/resource/Supercapacitor"
"2","http://dbpedia.org/ontology/knownFor","http://dbpedia.org/resource/Heavy_water"
"2","http://dbpedia.org/ontology/knownFor","http://dbpedia.org/resource/Trouton–Noble_experiment"
"2","http://dbpedia.org/ontology/knownFor","http://dbpedia.org/resource/Detailed_balance"
"2","http://dbpedia.org/ontology/knownFor","http://dbpedia.org/resource/Streaming_current"
"2","http://dbpedia.org/ontology/knownFor","http://dbpedia.org/resource/Hydrodynamic_stability"
"2","http://dbpedia.org/ontology/notableStudent","http://dbpedia.org/resource/Lise_Meitner"
"2","http://dbpedia.org/ontology/influenced","http://dbpedia.org/resource/James_Watt"
"2","http://dbpedia.org/ontology/knownFor","http://dbpedia.org/resource/Fermi's_interaction"
"2","http://dbpedia.org/ontology/knownFor","http://dbpedia.org/resource/Fermi–Dirac_statistics"
"2","http://dbpedia.org/ontology/knownFor","http://dbpedia.org/resource/Carbon_dioxide"
"2","http://dbpedia.org/ontology/knownFor","http://dbpedia.org/resource/Vector_calculus"
"2","http://dbpedia.org/ontology/knownFor","http://dbpedia.org/resource/Stefan–Boltzmann_constant"
"2","http://dbpedia.org/ontology/knownFor","http://dbpedia.org/resource/Boltzmann_brain"
"2","http://dbpedia.org/ontology/knownFor","http://dbpedia.org/resource/Ménage_problem"
"2","http://dbpedia.org/ontology/knownFor","http://dbpedia.org/resource/Von_Mises_yield_criterion"
"2","http://dbpedia.org/ontology/doctoralStudent","http://dbpedia.org/resource/Friedrich_Schottky"
"2","http://dbpedia.org/ontology/birthPlace","http://dbpedia.org/resource/Doyleston"
"2","http://dbpedia.org/ontology/academicAdvisor","http://dbpedia.org/resource/Robert_Bunsen"
"2","http://dbpedia.org/ontology/knownFor","http://dbpedia.org/resource/First_law_of_thermodynamics"
"2","http://dbpedia.org/ontology/knownFor","http://dbpedia.org/resource/Poincaré–Birkhoff–Witt_theorem"
"2","http://dbpedia.org/ontology/knownFor","http://dbpedia.org/resource/Maxwell–Boltzmann_statistics"
"2","http://dbpedia.org/ontology/knownFor","http://dbpedia.org/resource/Brouwer_fixed-point_theorem"
"2","http://dbpedia.org/ontology/knownFor","http://dbpedia.org/resource/Pauli–Villars_regularization"
"2","http://dbpedia.org/ontology/knownFor","http://dbpedia.org/resource/Appell's_equation_of_motion"
"2","http://dbpedia.org/ontology/doctoralStudent","http://dbpedia.org/resource/José_Leite_Lopes"
"2","http://dbpedia.org/ontology/academicAdvisor","http://dbpedia.org/resource/Franz_S._Exner"
"2","http://dbpedia.org/ontology/knownFor","http://dbpedia.org/resource/Molecular_physics"
"2","http://dbpedia.org/ontology/knownFor","http://dbpedia.org/resource/Structural_rigidity"
"2","http://dbpedia.org/ontology/knownFor","http://dbpedia.org/resource/Shortcuts_to_adiabaticity"
"2","http://dbpedia.org/ontology/doctoralAdvisor","http://dbpedia.org/resource/Hermann_Minkowski"
"2","http://dbpedia.org/ontology/doctoralAdvisor","http://dbpedia.org/resource/Théophile_de_Donder"
"2","http://dbpedia.org/ontology/doctoralStudent","http://dbpedia.org/resource/Mihajlo_Pupin"
"2","http://dbpedia.org/ontology/academicAdvisor","http://dbpedia.org/resource/Siméon_Denis_Poisson"
"2","http://dbpedia.org/ontology/influenced","http://dbpedia.org/resource/John_Worrall_(philosopher)"
"2","http://dbpedia.org/ontology/knownFor","http://dbpedia.org/resource/De_Haas–Van_Alphen_effect"
"2","http://dbpedia.org/ontology/knownFor","http://dbpedia.org/resource/Boltzmann_distribution"
"2","http://dbpedia.org/ontology/knownFor","http://dbpedia.org/resource/Nuclear_chain_reaction"
"2","http://dbpedia.org/ontology/knownFor","http://dbpedia.org/resource/Betti's_theorem"
"2","http://dbpedia.org/ontology/knownFor","http://dbpedia.org/resource/Marangoni_effect"
"2","http://dbpedia.org/ontology/knownFor","http://dbpedia.org/resource/Fierz_identity"
"2","http://dbpedia.org/ontology/doctoralStudent","http://dbpedia.org/resource/Partha_Ghose"
"2","http://dbpedia.org/ontology/doctoralStudent","http://dbpedia.org/resource/Nazim_Terzioglu"
"2","http://dbpedia.org/ontology/almaMater","http://dbpedia.org/resource/École_royale_du_génie_de_Mézières"
"2","http://dbpedia.org/ontology/influenced","http://dbpedia.org/resource/Peter_Debye"
"2","http://dbpedia.org/ontology/knownFor","http://dbpedia.org/resource/Efference_copy"
"2","http://dbpedia.org/ontology/knownFor","http://dbpedia.org/resource/Redlich–Kwong_equation_of_state"
"2","http://dbpedia.org/ontology/institution","http://dbpedia.org/resource/French_Army"
"2","http://dbpedia.org/ontology/notableStudent","http://dbpedia.org/resource/Horace_Lamb"
"2","http://dbpedia.org/ontology/notableStudent","http://dbpedia.org/resource/Edward_Leamington_Nichols"
"2","http://dbpedia.org/ontology/award","http://dbpedia.org/resource/Worcester_Reed_Warner"
"2","http://dbpedia.org/ontology/knownFor","http://dbpedia.org/resource/Bose–Einstein_statistics"
"2","http://dbpedia.org/ontology/knownFor","http://dbpedia.org/resource/Many-worlds_interpretation"
"2","http://dbpedia.org/ontology/knownFor","http://dbpedia.org/resource/Maxwell's_equations"
"2","http://dbpedia.org/ontology/knownFor","http://dbpedia.org/resource/Gibbs–Helmholtz_equation"
"2","http://dbpedia.org/ontology/knownFor","http://dbpedia.org/resource/Heat_death_paradox"
"2","http://dbpedia.org/ontology/knownFor","http://dbpedia.org/resource/Poincaré–Bendixson_theorem"
"2","http://dbpedia.org/ontology/knownFor","http://dbpedia.org/resource/Gibbs–Donnan_effect"
"2","http://dbpedia.org/ontology/knownFor","http://dbpedia.org/resource/Valence_bond_theory"
"2","http://dbpedia.org/ontology/knownFor","http://dbpedia.org/resource/Classical_unified_field_theories"
"2","http://dbpedia.org/ontology/knownFor","http://dbpedia.org/resource/Poincaré–Hopf_theorem"
"2","http://dbpedia.org/ontology/doctoralStudent","http://dbpedia.org/resource/Richard_Abegg"
"2","http://dbpedia.org/ontology/doctoralStudent","http://dbpedia.org/resource/Max_Planck"
"2","http://dbpedia.org/ontology/doctoralStudent","http://dbpedia.org/resource/Felix_Villars"
"2","http://dbpedia.org/ontology/institution","http://dbpedia.org/resource/Bureau_des_Longitudes"
"1","http://dbpedia.org/ontology/deathPlace","http://dbpedia.org/resource/Gau_Lower_Silesia"
"1","http://dbpedia.org/ontology/award","http://dbpedia.org/resource/Turkish_Academy_of_Sciences_Prize"
"1","http://dbpedia.org/ontology/influenced","http://dbpedia.org/resource/George_David_Birkhoff"
"1","http://dbpedia.org/ontology/influenced","http://dbpedia.org/resource/Heike_Kamerlingh_Onnes"
"1","http://dbpedia.org/ontology/influenced","http://dbpedia.org/resource/Molecular_dynamics"
"1","http://dbpedia.org/ontology/knownFor","http://dbpedia.org/resource/Helmholtz_minimum_dissipation_theorem"
"1","http://dbpedia.org/ontology/knownFor","http://dbpedia.org/resource/Debye–Hückel_theory"
"1","http://dbpedia.org/ontology/knownFor","http://dbpedia.org/resource/Reversal_potential"
"1","http://dbpedia.org/ontology/knownFor","http://dbpedia.org/resource/Desalination"
"1","http://dbpedia.org/ontology/knownFor","http://dbpedia.org/resource/Exergy"
"1","http://dbpedia.org/ontology/knownFor","http://dbpedia.org/resource/Coherence_(units_of_measurement)"
"1","http://dbpedia.org/ontology/knownFor","http://dbpedia.org/resource/Paramagnetism"
"1","http://dbpedia.org/ontology/knownFor","http://dbpedia.org/resource/Energy_level"
"1","http://dbpedia.org/ontology/knownFor","http://dbpedia.org/resource/Nernst_lamp"
"1","http://dbpedia.org/ontology/knownFor","http://dbpedia.org/resource/Clausius_theorem"
"1","http://dbpedia.org/ontology/knownFor","http://dbpedia.org/resource/Schrödinger_group"
"1","http://dbpedia.org/ontology/knownFor","http://dbpedia.org/resource/Pauli_equation"
"1","http://dbpedia.org/ontology/knownFor","http://dbpedia.org/resource/Smith-Helmholtz_invariant"
"1","http://dbpedia.org/ontology/termPeriod","http://dbpedia.org/resource/Lazare_Carnot__Tenure__4"
"1","http://dbpedia.org/ontology/doctoralStudent","http://dbpedia.org/resource/Willem_Hendrik_Keesom"
"1","http://dbpedia.org/ontology/doctoralStudent","http://dbpedia.org/resource/Leonid_Andrussow"
"1","http://dbpedia.org/ontology/doctoralStudent","http://dbpedia.org/resource/Otto_Lummer"
"1","http://dbpedia.org/ontology/notableIdea","http://dbpedia.org/resource/Thermodynamic_potential"
"1","http://dbpedia.org/ontology/academicAdvisor","http://dbpedia.org/resource/Henri_Poincaré"
"1","http://dbpedia.org/ontology/award","http://dbpedia.org/resource/James_Harry_Potter_Gold_Medal"
"1","http://dbpedia.org/ontology/influenced","http://dbpedia.org/resource/James_Dewar"
"1","http://dbpedia.org/ontology/influencedBy","http://dbpedia.org/resource/John_Dalton"
"1","http://dbpedia.org/ontology/knownFor","http://dbpedia.org/resource/Intermolecular_force"
"1","http://dbpedia.org/ontology/knownFor","http://dbpedia.org/resource/Qualitative_theory_of_differential_equations"
"1","http://dbpedia.org/ontology/knownFor","http://dbpedia.org/resource/Helmholtz's_theorems"
"1","http://dbpedia.org/ontology/knownFor","http://dbpedia.org/resource/Onsager_reciprocal_relations"
"1","http://dbpedia.org/ontology/knownFor","http://dbpedia.org/resource/Schismatic_temperament"
"1","http://dbpedia.org/ontology/knownFor","http://dbpedia.org/resource/Place_theory_(hearing)"
"1","http://dbpedia.org/ontology/knownFor","http://dbpedia.org/resource/Kelvin–Helmholtz_instability"
"1","http://dbpedia.org/ontology/knownFor","http://dbpedia.org/resource/Boltzmann_relation"
"1","http://dbpedia.org/ontology/knownFor","http://dbpedia.org/resource/Nernst_effect"
"1","http://dbpedia.org/ontology/knownFor","http://dbpedia.org/resource/Wien_effect"
"1","http://dbpedia.org/ontology/knownFor","http://dbpedia.org/resource/Emmons_problem"
"1","http://dbpedia.org/ontology/knownFor","http://dbpedia.org/resource/Teller-Redlich_isotopic_product_rule"
"1","http://dbpedia.org/ontology/knownFor","http://dbpedia.org/resource/Maxwell's_theorem_(geometry)"
"1","http://dbpedia.org/ontology/termPeriod","http://dbpedia.org/resource/Lazare_Carnot__Tenure__1"
"1","http://dbpedia.org/ontology/termPeriod","http://dbpedia.org/resource/Lazare_Carnot__Tenure__2"
"1","http://dbpedia.org/ontology/doctoralAdvisor","http://dbpedia.org/resource/Wallace_Clement_Sabine"
"1","http://dbpedia.org/ontology/doctoralAdvisor","http://dbpedia.org/resource/Edgar_Lambert_Piret"
"1","http://dbpedia.org/ontology/doctoralStudent","http://dbpedia.org/resource/Ettore_Majorana"
"1","http://dbpedia.org/ontology/doctoralStudent","http://dbpedia.org/resource/Diederik_Korteweg"
"1","http://dbpedia.org/ontology/doctoralStudent","http://dbpedia.org/resource/Théophile_Lepage"
"1","http://dbpedia.org/ontology/doctoralStudent","http://dbpedia.org/resource/Albert_A._Michelson"
"1","http://dbpedia.org/ontology/doctoralStudent","http://dbpedia.org/resource/Tony_Maxworthy"
"1","http://dbpedia.org/ontology/doctoralStudent","http://dbpedia.org/resource/Paul_Finsler"
"1","http://dbpedia.org/ontology/doctoralStudent","http://dbpedia.org/resource/Radu_Bălescu"
"1","http://dbpedia.org/ontology/doctoralStudent","http://dbpedia.org/resource/Edwin_Bidwell_Wilson"
"1","http://dbpedia.org/ontology/notableStudent","http://dbpedia.org/resource/Henry_Augustus_Rowland"
"1","http://dbpedia.org/ontology/notableStudent","http://dbpedia.org/resource/Mani_Lal_Bhaumik"
"1","http://dbpedia.org/ontology/notableStudent","http://dbpedia.org/resource/Ratan_Lal_Brahmachary"
"1","http://dbpedia.org/ontology/notableStudent","http://dbpedia.org/resource/Claude_Hudson"
"1","http://dbpedia.org/ontology/notableStudent","http://dbpedia.org/resource/Hans_Frauenfelder"
"1","http://dbpedia.org/ontology/birthPlace","http://dbpedia.org/resource/French_people"
"1","http://dbpedia.org/ontology/child","http://dbpedia.org/resource/Hippolyte_Carnot"
"1","http://dbpedia.org/ontology/influenced","http://dbpedia.org/resource/Rudolf_Clausius"
"1","http://dbpedia.org/ontology/influenced","http://dbpedia.org/resource/Émile_Jouguet"
"1","http://dbpedia.org/ontology/influencedBy","http://dbpedia.org/resource/Coleridge_Farr"
"1","http://dbpedia.org/ontology/knownFor","http://dbpedia.org/resource/French_philosophy"
"1","http://dbpedia.org/ontology/knownFor","http://dbpedia.org/resource/Singularity_(system_theory)"
"1","http://dbpedia.org/ontology/knownFor","http://dbpedia.org/resource/Maxwell's_demon"
"1","http://dbpedia.org/ontology/knownFor","http://dbpedia.org/resource/Poincaré_recurrence_theorem"
"1","http://dbpedia.org/ontology/knownFor","http://dbpedia.org/resource/Canonical_ensemble"
"1","http://dbpedia.org/ontology/knownFor","http://dbpedia.org/resource/Covalent_bond"
"1","http://dbpedia.org/ontology/knownFor","http://dbpedia.org/resource/Operational_definition"
"1","http://dbpedia.org/ontology/knownFor","http://dbpedia.org/resource/Helmholtz_decomposition"
"1","http://dbpedia.org/ontology/knownFor","http://dbpedia.org/resource/Euler_angles"
"1","http://dbpedia.org/ontology/knownFor","http://dbpedia.org/resource/Schrödinger_picture"
"1","http://dbpedia.org/ontology/knownFor","http://dbpedia.org/resource/Equipartition_theorem"
"1","http://dbpedia.org/ontology/knownFor","http://dbpedia.org/resource/Conventionalism"
"1","http://dbpedia.org/ontology/knownFor","http://dbpedia.org/resource/Massieu_function"
"1","http://dbpedia.org/ontology/knownFor","http://dbpedia.org/resource/Onsager–Machlup_function"
"1","http://dbpedia.org/ontology/knownFor","http://dbpedia.org/resource/Entoptic_phenomenon"
"1","http://dbpedia.org/ontology/knownFor","http://dbpedia.org/resource/Pauli_group"
"1","http://dbpedia.org/ontology/knownFor","http://dbpedia.org/resource/Tait–Kneser_theorem"
"1","http://dbpedia.org/ontology/philosophicalSchool","http://dbpedia.org/resource/Conventionalism"
"1","http://dbpedia.org/ontology/doctoralStudent","http://dbpedia.org/resource/Harold_Agnew"
"1","http://dbpedia.org/ontology/doctoralStudent","http://dbpedia.org/resource/Jerome_Isaac_Friedman"
"1","http://dbpedia.org/ontology/doctoralStudent","http://dbpedia.org/resource/Loránd_Eötvös"
"1","http://dbpedia.org/ontology/doctoralStudent","http://dbpedia.org/resource/Frederick_Lindemann,_1st_Viscount_Cherwell"
"1","http://dbpedia.org/ontology/doctoralStudent","http://dbpedia.org/resource/Michael_Aizenman"
"1","http://dbpedia.org/ontology/doctoralStudent","http://dbpedia.org/resource/Joseph_L._McCauley"
"1","http://dbpedia.org/ontology/notableIdea","http://dbpedia.org/resource/Gibbs–Duhem_equation"
"1","http://dbpedia.org/ontology/notableStudent","http://dbpedia.org/resource/James_Edward_Smith"
"1","http://dbpedia.org/ontology/notableStudent","http://dbpedia.org/resource/Théophile_de_Donder"
"1","http://dbpedia.org/ontology/notableStudent","http://dbpedia.org/resource/Johannes_von_Kries"
"1","http://dbpedia.org/ontology/notableStudent","http://dbpedia.org/resource/Tobias_Dantzig"
"1","http://dbpedia.org/ontology/deathPlace","http://dbpedia.org/resource/Duino"
"1","http://dbpedia.org/ontology/deathPlace","http://dbpedia.org/resource/French_people"
"1","http://dbpedia.org/ontology/academicAdvisor","http://dbpedia.org/resource/Leo_Königsberger"
"1","http://dbpedia.org/ontology/academicAdvisor","http://dbpedia.org/resource/Luigi_Puccianti"
"1","http://dbpedia.org/ontology/award","http://dbpedia.org/resource/Ralph_Coats_Roe_Medal"
"1","http://dbpedia.org/ontology/influenced","http://dbpedia.org/resource/John_Shipley_Rowlinson"
"1","http://dbpedia.org/ontology/influenced","http://dbpedia.org/resource/Benoît_Paul_Émile_Clapeyron"
"1","http://dbpedia.org/ontology/influenced","http://dbpedia.org/resource/Friedrich_Albert_Lange"
"1","http://dbpedia.org/ontology/influenced","http://dbpedia.org/resource/Louis_Rougier"
"1","http://dbpedia.org/ontology/influencedBy","http://dbpedia.org/resource/Irving_Langmuir"
"1","http://dbpedia.org/ontology/knownFor","http://dbpedia.org/resource/Third_law_of_thermodynamics"
"1","http://dbpedia.org/ontology/knownFor","http://dbpedia.org/resource/Heat_death_of_the_universe"
"1","http://dbpedia.org/ontology/knownFor","http://dbpedia.org/resource/High_pressure"
"1","http://dbpedia.org/ontology/knownFor","http://dbpedia.org/resource/Poincaré_group"
"1","http://dbpedia.org/ontology/knownFor","http://dbpedia.org/resource/Free_entropy"
"1","http://dbpedia.org/ontology/knownFor","http://dbpedia.org/resource/Disgregation"
"1","http://dbpedia.org/ontology/knownFor","http://dbpedia.org/resource/Nernst_equation"
"1","http://dbpedia.org/ontology/knownFor","http://dbpedia.org/resource/Pauli_matrices"
"1","http://dbpedia.org/ontology/knownFor","http://dbpedia.org/resource/Correlation_function_(statistical_mechanics)"
"1","http://dbpedia.org/ontology/knownFor","http://dbpedia.org/resource/Helmholtz_resonance"
"1","http://dbpedia.org/ontology/knownFor","http://dbpedia.org/resource/Exergy_efficiency"
"1","http://dbpedia.org/ontology/knownFor","http://dbpedia.org/resource/Poincaré_duality"
"1","http://dbpedia.org/ontology/knownFor","http://dbpedia.org/resource/Poincaré_inequality"
"1","http://dbpedia.org/ontology/knownFor","http://dbpedia.org/resource/Kinematic_coupling"
"1","http://dbpedia.org/ontology/knownFor","http://dbpedia.org/resource/Theorem_of_corresponding_states"
"1","http://dbpedia.org/ontology/knownFor","http://dbpedia.org/resource/Snark_(graph_theory)"
"1","http://dbpedia.org/ontology/knownFor","http://dbpedia.org/resource/Cat_state"
"1","http://dbpedia.org/ontology/knownFor","http://dbpedia.org/resource/Gibbs_state"
"1","http://dbpedia.org/ontology/knownFor","http://dbpedia.org/resource/Wulff_construction"
"1","http://dbpedia.org/ontology/knownFor","http://dbpedia.org/resource/Evolution_as_Physics"
"1","http://dbpedia.org/ontology/doctoralStudent","http://dbpedia.org/resource/Tsung-Dao_Lee"
"1","http://dbpedia.org/ontology/doctoralStudent","http://dbpedia.org/resource/Harold_Urey"
"1","http://dbpedia.org/ontology/doctoralStudent","http://dbpedia.org/resource/John_Hasbrouck_Van_Vleck"
"1","http://dbpedia.org/ontology/doctoralStudent","http://dbpedia.org/resource/Linda_Reichl"
"1","http://dbpedia.org/ontology/doctoralStudent","http://dbpedia.org/resource/Francis_Simon"
"1","http://dbpedia.org/ontology/doctoralStudent","http://dbpedia.org/resource/Edoardo_Amaldi"
"1","http://dbpedia.org/ontology/doctoralStudent","http://dbpedia.org/resource/Ascher_H._Shapiro"
"1","http://dbpedia.org/ontology/doctoralStudent","http://dbpedia.org/resource/Marvin_Leonard_Goldberger"
"1","http://dbpedia.org/ontology/doctoralStudent","http://dbpedia.org/resource/Jean_Bosler"
"1","http://dbpedia.org/ontology/notableIdea","http://dbpedia.org/resource/Clausius–Duhem_inequality"
"1","http://dbpedia.org/ontology/notableStudent","http://dbpedia.org/resource/Thomas_Charles_Hope"
"1","http://dbpedia.org/ontology/notableStudent","http://dbpedia.org/resource/John_Henry_Poynting"
"1","http://dbpedia.org/ontology/notableStudent","http://dbpedia.org/resource/Markus_Fierz"
"1","http://dbpedia.org/ontology/birthPlace","http://dbpedia.org/resource/Tiachiv"
"1","http://dbpedia.org/ontology/academicAdvisor","http://dbpedia.org/resource/Wojciech_H._Zurek"
"1","http://dbpedia.org/ontology/award","http://dbpedia.org/resource/Heat_Transfer_Memorial_Award"
"1","http://dbpedia.org/ontology/influenced","http://dbpedia.org/resource/Physics"
"1","http://dbpedia.org/ontology/knownFor","http://dbpedia.org/resource/Van_der_Waals_equation"
"1","http://dbpedia.org/ontology/knownFor","http://dbpedia.org/resource/Caloric_theory"
"1","http://dbpedia.org/ontology/knownFor","http://dbpedia.org/resource/Thévenin's_theorem"
"1","http://dbpedia.org/ontology/knownFor","http://dbpedia.org/resource/Rankine_cycle"
"1","http://dbpedia.org/ontology/knownFor","http://dbpedia.org/resource/Gibbs_lemma"
"1","http://dbpedia.org/ontology/knownFor","http://dbpedia.org/resource/Reaction_field_method"
"1","http://dbpedia.org/ontology/knownFor","http://dbpedia.org/resource/Additive_color"
"1","http://dbpedia.org/ontology/knownFor","http://dbpedia.org/resource/Fermi_gas"
"1","http://dbpedia.org/ontology/knownFor","http://dbpedia.org/resource/Helmholtz_equation"
"1","http://dbpedia.org/ontology/knownFor","http://dbpedia.org/resource/Impredicativity"
"1","http://dbpedia.org/ontology/knownFor","http://dbpedia.org/resource/Carnot_heat_engine"
"1","http://dbpedia.org/ontology/knownFor","http://dbpedia.org/resource/Maxwell_bridge"
"1","http://dbpedia.org/ontology/knownFor","http://dbpedia.org/resource/Fermi's_golden_rule"
"1","http://dbpedia.org/ontology/knownFor","http://dbpedia.org/resource/Schrödinger_functional"
"1","http://dbpedia.org/ontology/knownFor","http://dbpedia.org/resource/Displacement_current"
"1","http://dbpedia.org/ontology/knownFor","http://dbpedia.org/resource/Poincaré_metric"
"1","http://dbpedia.org/ontology/knownFor","http://dbpedia.org/resource/Bose_gas"
"1","http://dbpedia.org/ontology/knownFor","http://dbpedia.org/resource/Gibbs_algorithm"
"1","http://dbpedia.org/ontology/knownFor","http://dbpedia.org/resource/Boltzmann–Matano_analysis"
"1","http://dbpedia.org/ontology/knownFor","http://dbpedia.org/resource/Maxwell_coil"
"1","http://dbpedia.org/ontology/citizenship","http://dbpedia.org/resource/Austrian_nationality_law"
"1","http://dbpedia.org/ontology/doctoralAdvisor","http://dbpedia.org/resource/Max_Jakob"
"1","http://dbpedia.org/ontology/doctoralAdvisor","http://dbpedia.org/resource/László_Tisza"
"1","http://dbpedia.org/ontology/doctoralAdvisor","http://dbpedia.org/resource/John_Finnie_Downie_Smith"
"1","http://dbpedia.org/ontology/doctoralStudent","http://dbpedia.org/resource/Lee_de_Forest"
"1","http://dbpedia.org/ontology/doctoralStudent","http://dbpedia.org/resource/Wilhelm_Wien"
"1","http://dbpedia.org/ontology/doctoralStudent","http://dbpedia.org/resource/Emilio_Segrè"
"1","http://dbpedia.org/ontology/doctoralStudent","http://dbpedia.org/resource/Irving_Fisher"
"1","http://dbpedia.org/ontology/doctoralStudent","http://dbpedia.org/resource/Richard_Garwin"
"1","http://dbpedia.org/ontology/doctoralStudent","http://dbpedia.org/resource/Henry_A._Bumstead"
"1","http://dbpedia.org/ontology/doctoralStudent","http://dbpedia.org/resource/Ernst_Peschl"
"1","http://dbpedia.org/ontology/doctoralStudent","http://dbpedia.org/resource/Franc_Hočevar"
"1","http://dbpedia.org/ontology/notableStudent","http://dbpedia.org/resource/Emil_Bose"
"1","http://dbpedia.org/ontology/academicAdvisor","http://dbpedia.org/resource/Lars_Onsager"
"1","http://dbpedia.org/ontology/influenced","http://dbpedia.org/resource/Stanley_Jaki"
"1","http://dbpedia.org/ontology/influenced","http://dbpedia.org/resource/Stephen_Menn"
"1","http://dbpedia.org/ontology/influencedBy","http://dbpedia.org/resource/William_Rankine"
"1","http://dbpedia.org/ontology/knownFor","http://dbpedia.org/resource/Kelvin–Helmholtz_mechanism"
"1","http://dbpedia.org/ontology/knownFor","http://dbpedia.org/resource/Sphere-world"
"1","http://dbpedia.org/ontology/knownFor","http://dbpedia.org/resource/Latent_heat"
"1","http://dbpedia.org/ontology/knownFor","http://dbpedia.org/resource/Pauli_effect"
"1","http://dbpedia.org/ontology/knownFor","http://dbpedia.org/resource/Pauli_exclusion_principle"
"1","http://dbpedia.org/ontology/knownFor","http://dbpedia.org/resource/Ensemble_(mathematical_physics)"
"1","http://dbpedia.org/ontology/knownFor","http://dbpedia.org/resource/Photon"
"1","http://dbpedia.org/ontology/knownFor","http://dbpedia.org/resource/Potential_energy"
"1","http://dbpedia.org/ontology/knownFor","http://dbpedia.org/resource/Rankine_scale"
"1","http://dbpedia.org/ontology/knownFor","http://dbpedia.org/resource/Pure_tone"
"1","http://dbpedia.org/ontology/knownFor","http://dbpedia.org/resource/Maxwell_material"
"1","http://dbpedia.org/ontology/knownFor","http://dbpedia.org/resource/Helmholtz_coil"
"1","http://dbpedia.org/ontology/knownFor","http://dbpedia.org/resource/Gibbs_isotherm"
"1","http://dbpedia.org/ontology/occupation","http://dbpedia.org/resource/Adrian_Bejan__PersonFunction__1"
"1","http://dbpedia.org/ontology/spouse","http://dbpedia.org/resource/Anna_von_Helmholtz"
"1","http://dbpedia.org/ontology/spouse","http://dbpedia.org/resource/Laura_Fermi"
"1","http://dbpedia.org/ontology/doctoralStudent","http://dbpedia.org/resource/Owen_Chamberlain"
"1","http://dbpedia.org/ontology/doctoralStudent","http://dbpedia.org/resource/Geoffrey_Chew"
"1","http://dbpedia.org/ontology/doctoralStudent","http://dbpedia.org/resource/Harry_Friedmann"
"1","http://dbpedia.org/ontology/doctoralStudent","http://dbpedia.org/resource/Michael_Kasha"
"1","http://dbpedia.org/ontology/institution","http://dbpedia.org/resource/Corps_des_mines"
"1","http://dbpedia.org/ontology/notableStudent","http://dbpedia.org/resource/Stefan_Meyer_(physicist)"
"1","http://dbpedia.org/ontology/notableStudent","http://dbpedia.org/resource/Robert_von_Lieben"
"1","http://dbpedia.org/ontology/academicAdvisor","http://dbpedia.org/resource/Christopher_Jarzynski"
"1","http://dbpedia.org/ontology/child","http://dbpedia.org/resource/Henri_Regnault"
"1","http://dbpedia.org/ontology/influenced","http://dbpedia.org/resource/Johannes_Diderik_van_der_Waals"
"1","http://dbpedia.org/ontology/influenced","http://dbpedia.org/resource/Molecular_physics"
"1","http://dbpedia.org/ontology/knownFor","http://dbpedia.org/resource/Carnot's_theorem_(thermodynamics)"
"1","http://dbpedia.org/ontology/knownFor","http://dbpedia.org/resource/Quantum_vortex"
"1","http://dbpedia.org/ontology/knownFor","http://dbpedia.org/resource/Laws_of_thermodynamics"
"1","http://dbpedia.org/ontology/knownFor","http://dbpedia.org/resource/Fermi_paradox"
"1","http://dbpedia.org/ontology/knownFor","http://dbpedia.org/resource/Entropy_(statistical_thermodynamics)"
"1","http://dbpedia.org/ontology/knownFor","http://dbpedia.org/resource/Chemical_potential"
"1","http://dbpedia.org/ontology/knownFor","http://dbpedia.org/resource/Brusselator"
"1","http://dbpedia.org/ontology/knownFor","http://dbpedia.org/resource/Helmholtz–Kohlrausch_effect"
"1","http://dbpedia.org/ontology/knownFor","http://dbpedia.org/resource/Gibbs'_inequality"
"1","http://dbpedia.org/ontology/knownFor","http://dbpedia.org/resource/Pre-intuitionism"
"1","http://dbpedia.org/ontology/knownFor","http://dbpedia.org/resource/Helmholtz_reciprocity"
"1","http://dbpedia.org/ontology/knownFor","http://dbpedia.org/resource/Square_lattice_Ising_model"
"1","http://dbpedia.org/ontology/doctoralStudent","http://dbpedia.org/resource/Philipp_Frank"
"1","http://dbpedia.org/ontology/doctoralStudent","http://dbpedia.org/resource/Arthur_Gordon_Webster"
"1","http://dbpedia.org/ontology/doctoralStudent","http://dbpedia.org/resource/Léon_Van_Hove"
"1","http://dbpedia.org/ontology/doctoralStudent","http://dbpedia.org/resource/Wladimir_Seidel"
"1","http://dbpedia.org/ontology/notableStudent","http://dbpedia.org/resource/Gilbert_N._Lewis"
"1","http://dbpedia.org/ontology/notableStudent","http://dbpedia.org/resource/Wilhelm_Wundt"
"1","http://dbpedia.org/ontology/notableStudent","http://dbpedia.org/resource/Kurt_Mendelssohn"
"1","http://dbpedia.org/ontology/notableStudent","http://dbpedia.org/resource/Asima_Chatterjee"
"1","http://dbpedia.org/ontology/birthPlace","http://dbpedia.org/resource/Petit_Luxembourg"
"1","http://dbpedia.org/ontology/deathPlace","http://dbpedia.org/resource/Niwica,_Żary_County"
"1","http://dbpedia.org/ontology/academicAdvisor","http://dbpedia.org/resource/André-Marie_Ampère"
"1","http://dbpedia.org/ontology/academicAdvisor","http://dbpedia.org/resource/François_Arago"
"1","http://dbpedia.org/ontology/knownFor","http://dbpedia.org/resource/Cross_product"
"1","http://dbpedia.org/ontology/knownFor","http://dbpedia.org/resource/Gibbs_phenomenon"
"1","http://dbpedia.org/ontology/knownFor","http://dbpedia.org/resource/Rankine–Hugoniot_conditions"
"1","http://dbpedia.org/ontology/knownFor","http://dbpedia.org/resource/Quantum_superposition"
"1","http://dbpedia.org/ontology/knownFor","http://dbpedia.org/resource/Helmholtz_free_energy"
"1","http://dbpedia.org/ontology/knownFor","http://dbpedia.org/resource/Rotation_formalisms_in_three_dimensions"
"1","http://dbpedia.org/ontology/knownFor","http://dbpedia.org/resource/Carathéodory's_extension_theorem"
"1","http://dbpedia.org/ontology/knownFor","http://dbpedia.org/resource/Maxwell_construction"
"1","http://dbpedia.org/ontology/knownFor","http://dbpedia.org/resource/Surface_rheology"
"1","http://dbpedia.org/ontology/knownFor","http://dbpedia.org/resource/Generalized_conic"
"1","http://dbpedia.org/ontology/knownFor","http://dbpedia.org/resource/Carnot_cycle"
"1","http://dbpedia.org/ontology/knownFor","http://dbpedia.org/resource/Lewis_structure"
"1","http://dbpedia.org/ontology/knownFor","http://dbpedia.org/resource/Limit_cycle"
"1","http://dbpedia.org/ontology/knownFor","http://dbpedia.org/resource/Materials_with_memory"
"1","http://dbpedia.org/ontology/knownFor","http://dbpedia.org/resource/Schrödinger_field"
"1","http://dbpedia.org/ontology/knownFor","http://dbpedia.org/resource/Clausius–Duhem_inequality"
"1","http://dbpedia.org/ontology/mainInterest","http://dbpedia.org/resource/Thermodynamics"
"1","http://dbpedia.org/ontology/doctoralAdvisor","http://dbpedia.org/resource/Charles_Harold_Berry"
"1","http://dbpedia.org/ontology/doctoralStudent","http://dbpedia.org/resource/Heinrich_Hertz"
"1","http://dbpedia.org/ontology/doctoralStudent","http://dbpedia.org/resource/Hans_Rademacher"
"1","http://dbpedia.org/ontology/doctoralStudent","http://dbpedia.org/resource/Ignacij_Klemenčič"
"1","http://dbpedia.org/ontology/doctoralStudent","http://dbpedia.org/resource/Arnold_Eucken"
"1","http://dbpedia.org/ontology/institution","http://dbpedia.org/resource/Shell_Development_Emeryville"
"1","http://dbpedia.org/ontology/notableIdea","http://dbpedia.org/resource/Duhem–Margules_equation"
"1","http://dbpedia.org/ontology/notableStudent","http://dbpedia.org/resource/Theodor_Wulf"
"1","http://dbpedia.org/ontology/notableStudent","http://dbpedia.org/resource/Hermann_Irving_Schlesinger"
"1","http://dbpedia.org/ontology/deathPlace","http://dbpedia.org/resource/Cabrespine"
"1","http://dbpedia.org/ontology/academicDiscipline","http://dbpedia.org/resource/Chemical_thermodynamics"
"1","http://dbpedia.org/ontology/award","http://dbpedia.org/resource/Donald_Q._Kern"
"1","http://dbpedia.org/ontology/award","http://dbpedia.org/resource/Luikov_Medal"
"1","http://dbpedia.org/ontology/award","http://dbpedia.org/resource/Telesio-Galilei_Academy_Award"
"1","http://dbpedia.org/ontology/child","http://dbpedia.org/resource/Mark_Oliver_Everett"
"1","http://dbpedia.org/ontology/child","http://dbpedia.org/resource/Nicolas_Léonard_Sadi_Carnot"
"1","http://dbpedia.org/ontology/influenced","http://dbpedia.org/resource/Fritz_London"
"1","http://dbpedia.org/ontology/influenced","http://dbpedia.org/resource/Yves_Pomeau"
"1","http://dbpedia.org/ontology/influencedBy","http://dbpedia.org/resource/Lazarus_Fuchs"
"1","http://dbpedia.org/ontology/influencedBy","http://dbpedia.org/resource/Merle_Randall"
"1","http://dbpedia.org/ontology/influencedBy","http://dbpedia.org/resource/John_Davies_(lecturer)"
"1","http://dbpedia.org/ontology/knownFor","http://dbpedia.org/resource/Dyadics"
"1","http://dbpedia.org/ontology/knownFor","http://dbpedia.org/resource/Fermi_problem"
"1","http://dbpedia.org/ontology/knownFor","http://dbpedia.org/resource/Negative_temperature"
"1","http://dbpedia.org/ontology/knownFor","http://dbpedia.org/resource/Lewis_acids_and_bases"
"1","http://dbpedia.org/ontology/knownFor","http://dbpedia.org/resource/Entropy_and_life"
"1","http://dbpedia.org/ontology/knownFor","http://dbpedia.org/resource/Inverse_problem_for_Lagrangian_mechanics"
"1","http://dbpedia.org/ontology/knownFor","http://dbpedia.org/resource/Luneburg_lens"
"1","http://dbpedia.org/ontology/knownFor","http://dbpedia.org/resource/Hilbert–Poincaré_series"
"1","http://dbpedia.org/ontology/knownFor","http://dbpedia.org/resource/Additive_synthesis"
"1","http://dbpedia.org/ontology/knownFor","http://dbpedia.org/resource/Fundamental_group"
"1","http://dbpedia.org/ontology/knownFor","http://dbpedia.org/resource/Just_intonation"
"1","http://dbpedia.org/ontology/knownFor","http://dbpedia.org/resource/Epistemological_idealism"
"1","http://dbpedia.org/ontology/knownFor","http://dbpedia.org/resource/Phosphorescence"
"1","http://dbpedia.org/ontology/knownFor","http://dbpedia.org/resource/Helmholtz_theorem_(classical_mechanics)"
"1","http://dbpedia.org/ontology/knownFor","http://dbpedia.org/resource/Maxwell_relations"
"1","http://dbpedia.org/ontology/knownFor","http://dbpedia.org/resource/Qualia"
"1","http://dbpedia.org/ontology/knownFor","http://dbpedia.org/resource/Not_even_wrong"
"1","http://dbpedia.org/ontology/knownFor","http://dbpedia.org/resource/Gibbs–Thomson_equation"
"1","http://dbpedia.org/ontology/knownFor","http://dbpedia.org/resource/Tait_conjectures"
"1","http://dbpedia.org/ontology/knownFor","http://dbpedia.org/resource/Photon_gas"
"1","http://dbpedia.org/ontology/knownFor","http://dbpedia.org/resource/Gibbs–Duhem_equation"
"1","http://dbpedia.org/ontology/knownFor","http://dbpedia.org/resource/Carathéodory_conjecture"
"1","http://dbpedia.org/ontology/spouse","http://dbpedia.org/resource/Katherine_Clerk_Maxwell"
"1","http://dbpedia.org/ontology/termPeriod","http://dbpedia.org/resource/Lazare_Carnot__Tenure__5"
"1","http://dbpedia.org/ontology/doctoralStudent","http://dbpedia.org/resource/Joseph_Edward_Mayer"
"1","http://dbpedia.org/ontology/doctoralStudent","http://dbpedia.org/resource/Mildred_Dresselhaus"
"1","http://dbpedia.org/ontology/doctoralStudent","http://dbpedia.org/resource/Irving_Langmuir"
"1","http://dbpedia.org/ontology/doctoralStudent","http://dbpedia.org/resource/Paul_Ehrenfest"
"1","http://dbpedia.org/ontology/doctoralStudent","http://dbpedia.org/resource/Georg_Aumann"
"1","http://dbpedia.org/ontology/doctoralStudent","http://dbpedia.org/resource/Karl-Friedrich_Bonhoeffer"
"1","http://dbpedia.org/ontology/doctoralStudent","http://dbpedia.org/resource/Adi_Bulsara"
"1","http://dbpedia.org/ontology/doctoralStudent","http://dbpedia.org/resource/Purnima_Sinha"
"1","http://dbpedia.org/ontology/doctoralStudent","http://dbpedia.org/resource/Siva_Brata_Bhattacherjee"
"1","http://dbpedia.org/ontology/institution","http://dbpedia.org/resource/Solvay_Conference"
"1","http://dbpedia.org/ontology/institution","http://dbpedia.org/resource/University_of_Augsburg"
"1","http://dbpedia.org/ontology/notableStudent","http://dbpedia.org/resource/Émile_Boutroux"
"1","http://dbpedia.org/ontology/influenced","http://dbpedia.org/resource/Benjamin_Rush"
"1","http://dbpedia.org/ontology/influenced","http://dbpedia.org/resource/J._R._Partington"
"1","http://dbpedia.org/ontology/knownFor","http://dbpedia.org/resource/Pauli–Lubanski_pseudovector"
"1","http://dbpedia.org/ontology/knownFor","http://dbpedia.org/resource/Phase_separation"
"1","http://dbpedia.org/ontology/knownFor","http://dbpedia.org/resource/Ergodic_hypothesis"
"1","http://dbpedia.org/ontology/knownFor","http://dbpedia.org/resource/Tait_equation"
"1","http://dbpedia.org/ontology/knownFor","http://dbpedia.org/resource/Schrödinger's_cat"
"1","http://dbpedia.org/ontology/knownFor","http://dbpedia.org/resource/Schrödinger_equation"
"1","http://dbpedia.org/ontology/knownFor","http://dbpedia.org/resource/Virial_theorem"
"1","http://dbpedia.org/ontology/knownFor","http://dbpedia.org/resource/Gibbs_paradox"
"1","http://dbpedia.org/ontology/knownFor","http://dbpedia.org/resource/Phase_rule"
"1","http://dbpedia.org/ontology/knownFor","http://dbpedia.org/resource/Maxwell's_theorem"
"1","http://dbpedia.org/ontology/knownFor","http://dbpedia.org/resource/Prism_adaptation"
"1","http://dbpedia.org/ontology/knownFor","http://dbpedia.org/resource/Nernst_heat_theorem"
"1","http://dbpedia.org/ontology/knownFor","http://dbpedia.org/resource/Vortex_ring"
"1","http://dbpedia.org/ontology/knownFor","http://dbpedia.org/resource/Boltzmann_equation"
"1","http://dbpedia.org/ontology/knownFor","http://dbpedia.org/resource/Bose–Einstein_correlations"
"1","http://dbpedia.org/ontology/knownFor","http://dbpedia.org/resource/Quantum_heat_engines_and_refrigerators"
"1","http://dbpedia.org/ontology/knownFor","http://dbpedia.org/resource/Operationalization"
"1","http://dbpedia.org/ontology/knownFor","http://dbpedia.org/resource/Carathéodory's_theorem"
"1","http://dbpedia.org/ontology/knownFor","http://dbpedia.org/resource/Boltzmann's_entropy_formula"
"1","http://dbpedia.org/ontology/knownFor","http://dbpedia.org/resource/Surface_stress"
"1","http://dbpedia.org/ontology/knownFor","http://dbpedia.org/resource/Microscopic_reversibility"
"1","http://dbpedia.org/ontology/knownFor","http://dbpedia.org/resource/Rotation_number"
"1","http://dbpedia.org/ontology/knownFor","http://dbpedia.org/resource/Thermodynamics_and_an_Introduction_to_Thermostatistics"
"1","http://dbpedia.org/ontology/termPeriod","http://dbpedia.org/resource/Lazare_Carnot__Tenure__3"
"1","http://dbpedia.org/ontology/doctoralStudent","http://dbpedia.org/resource/Louis_Bachelier"
"1","http://dbpedia.org/ontology/doctoralStudent","http://dbpedia.org/resource/Richard_Ernest_Kronauer"
"1","http://dbpedia.org/ontology/doctoralStudent","http://dbpedia.org/resource/Gabriel_Lippmann"
"1","http://dbpedia.org/ontology/doctoralStudent","http://dbpedia.org/resource/Arthur_H._Rosenfeld"
"1","http://dbpedia.org/ontology/doctoralStudent","http://dbpedia.org/resource/Dimitrie_Pompeiu"
"1","http://dbpedia.org/ontology/doctoralStudent","http://dbpedia.org/resource/Margaret_Eliza_Maltby"
"1","http://dbpedia.org/ontology/doctoralStudent","http://dbpedia.org/resource/Francis_Birch_(geophysicist)"
"1","http://dbpedia.org/ontology/notableStudent","http://dbpedia.org/resource/Lilabati_Bhattacharjee"
"1","http://dbpedia.org/ontology/notableStudent","http://dbpedia.org/resource/George_Chrystal"
"1","http://dbpedia.org/ontology/award","http://dbpedia.org/resource/Knight_of_the_French_Order_of_Academic_Palms"
"1","http://dbpedia.org/ontology/influenced","http://dbpedia.org/resource/Zygmunt_Florenty_Wróblewski"
"1","http://dbpedia.org/ontology/influencedBy","http://dbpedia.org/resource/Thomas_Andrews_(scientist)"
"1","http://dbpedia.org/ontology/knownFor","http://dbpedia.org/resource/Helmholtz_pitch_notation"
"1","http://dbpedia.org/ontology/knownFor","http://dbpedia.org/resource/Outer_measure"
"1","http://dbpedia.org/ontology/knownFor","http://dbpedia.org/resource/Dissipative_system"
"1","http://dbpedia.org/ontology/knownFor","http://dbpedia.org/resource/Gibbs_free_energy"
"1","http://dbpedia.org/ontology/knownFor","http://dbpedia.org/resource/Fugacity"
"1","http://dbpedia.org/ontology/knownFor","http://dbpedia.org/resource/Nernst–Planck_equation"
"1","http://dbpedia.org/ontology/knownFor","http://dbpedia.org/resource/Boltzmann_constant"
"1","http://dbpedia.org/ontology/knownFor","http://dbpedia.org/resource/Van_der_Waals_radius"
"1","http://dbpedia.org/ontology/knownFor","http://dbpedia.org/resource/Uniformization_theorem"
"1","http://dbpedia.org/ontology/knownFor","http://dbpedia.org/resource/Softmax_function"
"1","http://dbpedia.org/ontology/knownFor","http://dbpedia.org/resource/Van_der_Waals_molecule"
"1","http://dbpedia.org/ontology/knownFor","http://dbpedia.org/resource/Distribution_law"
"1","http://dbpedia.org/ontology/knownFor","http://dbpedia.org/resource/Van_der_Waals_surface"
"1","http://dbpedia.org/ontology/knownFor","http://dbpedia.org/resource/Fovea_centralis"
"1","http://dbpedia.org/ontology/knownFor","http://dbpedia.org/resource/Color_triangle"
"1","http://dbpedia.org/ontology/knownFor","http://dbpedia.org/resource/Schrödinger_method"
"1","http://dbpedia.org/ontology/knownFor","http://dbpedia.org/resource/Ophthalmoscopy"
"1","http://dbpedia.org/ontology/knownFor","http://dbpedia.org/resource/Maxwell–Wagner–Sillars_polarization"
"1","http://dbpedia.org/ontology/knownFor","http://dbpedia.org/resource/Poincaré_series_(modular_form)"
"1","http://dbpedia.org/ontology/knownFor","http://dbpedia.org/resource/Generalized_Helmholtz_theorem"
"1","http://dbpedia.org/ontology/doctoralAdvisor","http://dbpedia.org/resource/Eric_Lutz"
"1","http://dbpedia.org/ontology/doctoralStudent","http://dbpedia.org/resource/Ilya_Prigogine"
"1","http://dbpedia.org/ontology/doctoralStudent","http://dbpedia.org/resource/John_C._Slater"
"1","http://dbpedia.org/ontology/doctoralStudent","http://dbpedia.org/resource/Gerald_Holton"
"1","http://dbpedia.org/ontology/doctoralStudent","http://dbpedia.org/resource/Lynde_Wheeler"
"1","http://dbpedia.org/ontology/doctoralStudent","http://dbpedia.org/resource/Charles_Enz"
"1","http://dbpedia.org/ontology/doctoralStudent","http://dbpedia.org/resource/William_Duane_(physicist)"
"1","http://dbpedia.org/ontology/notableStudent","http://dbpedia.org/resource/Max_Bodenstein"
